Id,País,2009_Quantidade,2009_Valor,2010_Quantidade,2010_Valor,2011_Quantidade,2011_Valor,2012_Quantidade,2012_Valor,2013_Quantidade,2013_Valor,2014_Quantidade,2014_Valor,2015_Quantidade,2015_Valor,2016_Quantidade,2016_Valor,2017_Quantidade,2017_Valor,2018_Quantidade,2018_Valor,2019_Quantidade,2019_Valor,2020_Quantidade,2020_Valor,2021_Quantidade,2021_Valor,2022_Quantidade,2022_Valor,2023_Quantidade,2023_Valor,Categoria
1,África do Sul,0.0,0.0,0.0,0.0,0.0,0.0,0.0,0.0,0.0,0.0,0.0,0.0,0.0,0.0,0.0,0.0,0.0,0.0,0.0,0.0,0.0,0.0,0.0,0.0,0.0,0.0,0.0,0.0,2,44,Espumante
2,Alemanha,6648.0,29018.0,1958.0,6877.0,1976.0,12018.0,833.0,5072.0,5809.0,30461.0,9236.0,62169.0,6256.0,30939.0,4293.0,19088.0,4824.0,28799.0,4092.0,21373.0,1003.0,5466.0,2388.0,14767.0,142.0,265.0,1164.0,6560.0,162,1542,Espumante
3,Angola,11393.0,33664.0,104138.0,672533.0,904.0,14196.0,73.0,1426.0,5850.0,21060.0,6866.0,22423.0,0.0,0.0,90.0,1010.0,0.0,0.0,63.0,280.0,1007.0,3615.0,24.0,38.0,0.0,0.0,26383.0,141588.0,56242,315073,Espumante
4,Antigua e Barbuda,0.0,0.0,0.0,0.0,0.0,0.0,0.0,0.0,0.0,0.0,0.0,0.0,0.0,0.0,0.0,0.0,0.0,0.0,0.0,0.0,7.0,34.0,32.0,328.0,10.0,82.0,65.0,146.0,24,100,Espumante
5,Antilhas Holandesas,180.0,1660.0,0.0,0.0,9144.0,65766.0,0.0,0.0,0.0,0.0,0.0,0.0,0.0,0.0,0.0,0.0,0.0,0.0,0.0,0.0,0.0,0.0,0.0,0.0,0.0,0.0,0.0,0.0,0,0,Espumante
6,Argentina,0.0,0.0,0.0,0.0,0.0,0.0,0.0,0.0,0.0,0.0,0.0,0.0,0.0,0.0,0.0,0.0,0.0,0.0,4342.0,17243.0,0.0,0.0,315.0,894.0,0.0,0.0,0.0,0.0,8593,73239,Espumante
7,Aruba,0.0,0.0,0.0,0.0,0.0,0.0,0.0,0.0,0.0,0.0,0.0,0.0,0.0,0.0,0.0,0.0,0.0,0.0,18.0,7.0,0.0,0.0,0.0,0.0,0.0,0.0,0.0,0.0,0,0,Espumante
8,Australia,0.0,0.0,0.0,0.0,0.0,0.0,1317.0,11057.0,767.0,5809.0,618.0,3951.0,235.0,1368.0,594.0,2602.0,595.0,2276.0,0.0,0.0,180.0,800.0,144.0,503.0,184.0,654.0,0.0,0.0,10,6,Espumante
9,Bahamas,0.0,0.0,146.0,795.0,1001.0,7034.0,216.0,2160.0,270.0,2700.0,0.0,0.0,0.0,0.0,0.0,0.0,0.0,0.0,5.0,17.0,18.0,79.0,434.0,1033.0,179.0,461.0,56.0,194.0,65,268,Espumante
10,Bangladesh,0.0,0.0,0.0,0.0,0.0,0.0,0.0,0.0,0.0,0.0,0.0,0.0,0.0,0.0,0.0,0.0,0.0,0.0,0.0,0.0,0.0,0.0,0.0,0.0,1.0,28.0,0.0,0.0,0,0,Espumante
11,Barbados,0.0,0.0,0.0,0.0,0.0,0.0,0.0,0.0,0.0,0.0,0.0,0.0,0.0,0.0,0.0,0.0,0.0,0.0,0.0,0.0,0.0,0.0,57.0,105.0,4.0,58.0,25.0,101.0,32,219,Espumante
12,Belgica,0.0,0.0,12897.0,49742.0,0.0,0.0,7404.0,40086.0,1100.0,6078.0,104153.0,499164.0,900.0,5280.0,0.0,0.0,450.0,2646.0,1800.0,10555.0,1869.0,11405.0,0.0,0.0,0.0,0.0,0.0,0.0,0,0,Espumante
13,Benin,0.0,0.0,0.0,0.0,0.0,0.0,0.0,0.0,0.0,0.0,0.0,0.0,0.0,0.0,0.0,0.0,0.0,0.0,0.0,0.0,0.0,0.0,24.0,181.0,0.0,0.0,0.0,0.0,3,19,Espumante
14,Bermudas,0.0,0.0,0.0,0.0,0.0,0.0,0.0,0.0,0.0,0.0,0.0,0.0,0.0,0.0,0.0,0.0,0.0,0.0,0.0,0.0,0.0,0.0,0.0,0.0,0.0,0.0,12.0,58.0,0,0,Espumante
15,Bolívia,0.0,0.0,11960.0,5553.0,0.0,0.0,0.0,0.0,0.0,0.0,9.0,250.0,2418.0,11355.0,2624.0,12811.0,1668.0,21056.0,5891.0,25277.0,0.0,0.0,5994.0,16901.0,21235.0,64988.0,22307.0,70416.0,11410,34481,Espumante
16,Bósnia-Herzegovina,0.0,0.0,0.0,0.0,0.0,0.0,0.0,0.0,0.0,0.0,0.0,0.0,0.0,0.0,0.0,0.0,0.0,0.0,0.0,0.0,10.0,53.0,168.0,161.0,0.0,0.0,0.0,0.0,0,0,Espumante
17,Bulgaria,0.0,0.0,0.0,0.0,0.0,0.0,0.0,0.0,0.0,0.0,0.0,0.0,0.0,0.0,0.0,0.0,0.0,0.0,0.0,0.0,0.0,0.0,0.0,0.0,0.0,0.0,0.0,0.0,0,0,Espumante
18,Cabo Verde,0.0,0.0,0.0,0.0,0.0,0.0,0.0,0.0,0.0,0.0,0.0,0.0,0.0,0.0,0.0,0.0,0.0,0.0,0.0,0.0,0.0,0.0,0.0,0.0,2.0,12.0,0.0,0.0,0,0,Espumante
19,Camarões,0.0,0.0,0.0,0.0,0.0,0.0,0.0,0.0,0.0,0.0,0.0,0.0,0.0,0.0,0.0,0.0,4138.0,16077.0,90.0,284.0,0.0,0.0,0.0,0.0,0.0,0.0,0.0,0.0,0,0,Espumante
20,Canada,0.0,0.0,0.0,0.0,1894.0,7716.0,640.0,4663.0,10371.0,36809.0,1847.0,13240.0,2405.0,15821.0,901.0,3821.0,0.0,0.0,23.0,94.0,2185.0,8228.0,413.0,3063.0,253.0,566.0,62.0,347.0,4068,15427,Espumante
21,Catar,0.0,0.0,0.0,0.0,0.0,0.0,0.0,0.0,0.0,0.0,0.0,0.0,0.0,0.0,0.0,0.0,0.0,0.0,0.0,0.0,41.0,3502.0,78.0,6651.0,5.0,964.0,0.0,0.0,0,0,Espumante
22,"Cayman, Ilhas",0.0,0.0,0.0,0.0,0.0,0.0,0.0,0.0,0.0,0.0,0.0,0.0,0.0,0.0,0.0,0.0,0.0,0.0,0.0,0.0,15.0,43.0,0.0,0.0,1.0,5.0,0.0,0.0,5,33,Espumante
23,Chile,1673.0,8613.0,0.0,0.0,0.0,0.0,811.0,10143.0,0.0,0.0,0.0,0.0,0.0,0.0,10340.0,41824.0,25439.0,231696.0,25481.0,208521.0,0.0,0.0,90.0,346.0,72.0,361.0,4.0,19.0,3532,15875,Espumante
24,China,0.0,0.0,416.0,1566.0,1682.0,8342.0,3219.0,25604.0,795.0,6572.0,5959.0,35190.0,23520.0,48739.0,4610.0,20931.0,11646.0,35671.0,19490.0,58871.0,26247.0,91922.0,29921.0,103986.0,13692.0,49572.0,8619.0,35079.0,16285,47822,Espumante
25,Chipre,0.0,0.0,0.0,0.0,0.0,0.0,0.0,0.0,0.0,0.0,0.0,0.0,0.0,0.0,0.0,0.0,0.0,0.0,0.0,0.0,101.0,368.0,307.0,1019.0,122.0,350.0,382.0,931.0,188,707,Espumante
26,Cingapura,976.0,2784.0,247.0,738.0,0.0,0.0,0.0,0.0,0.0,0.0,113.0,700.0,0.0,0.0,0.0,0.0,0.0,0.0,47214.0,135547.0,28418.0,126428.0,0.0,0.0,0.0,0.0,0.0,0.0,0,0,Espumante
27,Colombia,0.0,0.0,0.0,0.0,90.0,1068.0,0.0,0.0,22.0,196.0,0.0,0.0,0.0,0.0,617.0,1532.0,595.0,2600.0,2309.0,8637.0,804.0,2185.0,24578.0,74854.0,10280.0,37207.0,15396.0,56227.0,1926,6898,Espumante
28,"Coreia do Sul, Republica da",0.0,0.0,0.0,0.0,0.0,0.0,0.0,0.0,0.0,0.0,4950.0,22797.0,0.0,0.0,212.0,1180.0,442.0,1470.0,3.0,15.0,32.0,115.0,24.0,53.0,82.0,200.0,10.0,30.0,74,222,Espumante
29,Costa Rica,0.0,0.0,12.0,30.0,0.0,0.0,34.0,30.0,0.0,0.0,0.0,0.0,0.0,0.0,0.0,0.0,0.0,0.0,0.0,0.0,0.0,0.0,0.0,0.0,0.0,0.0,0.0,0.0,0,0,Espumante
30,Cuba,0.0,0.0,0.0,0.0,0.0,0.0,0.0,0.0,0.0,0.0,0.0,0.0,0.0,0.0,0.0,0.0,0.0,0.0,1.0,2.0,0.0,0.0,0.0,0.0,0.0,0.0,0.0,0.0,0,0,Espumante
31,Curaçao,0.0,0.0,0.0,0.0,0.0,0.0,0.0,0.0,0.0,0.0,0.0,0.0,0.0,0.0,0.0,0.0,991.0,5808.0,801.0,2256.0,3373.0,13676.0,2186.0,8451.0,5525.0,21633.0,3487.0,15494.0,1288,6539,Espumante
32,Dinamarca,0.0,0.0,0.0,0.0,864.0,4130.0,1296.0,5921.0,3164.0,16628.0,1296.0,6917.0,726.0,4376.0,68.0,538.0,0.0,0.0,662.0,3530.0,96.0,230.0,452.0,1798.0,7.0,32.0,0.0,0.0,2790,26359,Espumante
33,Dominica,0.0,0.0,0.0,0.0,0.0,0.0,0.0,0.0,0.0,0.0,0.0,0.0,0.0,0.0,0.0,0.0,0.0,0.0,0.0,0.0,0.0,0.0,0.0,0.0,204.0,505.0,594.0,1461.0,0,0,Espumante
34,El Salvador,0.0,0.0,0.0,0.0,20.0,10.0,0.0,0.0,0.0,0.0,0.0,0.0,0.0,0.0,0.0,0.0,0.0,0.0,1.0,10.0,0.0,0.0,0.0,0.0,0.0,0.0,0.0,0.0,0,0,Espumante
35,Emirados Arabes Unidos,0.0,0.0,198.0,804.0,190.0,590.0,0.0,0.0,0.0,0.0,0.0,0.0,0.0,0.0,0.0,0.0,0.0,0.0,0.0,0.0,33.0,164.0,9.0,36.0,90.0,3240.0,0.0,0.0,126,622,Espumante
36,Equador,0.0,0.0,0.0,0.0,0.0,0.0,0.0,0.0,0.0,0.0,0.0,0.0,0.0,0.0,0.0,0.0,0.0,0.0,0.0,0.0,2.0,3.0,0.0,0.0,0.0,0.0,135.0,500.0,540,2000,Espumante
37,Espanha,0.0,0.0,0.0,0.0,720.0,5057.0,0.0,0.0,3375.0,22468.0,0.0,0.0,0.0,0.0,0.0,0.0,5013.0,64735.0,2271.0,9453.0,2.0,3.0,29.0,230.0,0.0,0.0,0.0,0.0,45,853,Espumante
38,Estados Unidos,35695.0,200975.0,123001.0,172488.0,67547.0,333438.0,126129.0,513426.0,91987.0,364136.0,39748.0,136533.0,18450.0,92868.0,22615.0,143306.0,22605.0,170620.0,28542.0,172961.0,389511.0,1023709.0,634243.0,1647310.0,801082.0,2123710.0,732209.0,1964451.0,255198,729055,Espumante
39,Estonia,0.0,0.0,495.0,1860.0,0.0,0.0,369.0,1882.0,0.0,0.0,0.0,0.0,0.0,0.0,0.0,0.0,0.0,0.0,0.0,0.0,0.0,0.0,0.0,0.0,0.0,0.0,0.0,0.0,0,0,Espumante
40,Falkland (Malvinas),0.0,0.0,0.0,0.0,0.0,0.0,0.0,0.0,0.0,0.0,0.0,0.0,0.0,0.0,0.0,0.0,0.0,0.0,0.0,0.0,0.0,0.0,0.0,0.0,0.0,0.0,360.0,2081.0,0,0,Espumante
41,Filipinas,0.0,0.0,0.0,0.0,0.0,0.0,0.0,0.0,0.0,0.0,0.0,0.0,0.0,0.0,0.0,0.0,0.0,0.0,0.0,0.0,24.0,109.0,0.0,0.0,0.0,0.0,77.0,389.0,20,111,Espumante
42,Filânldia,0.0,0.0,0.0,0.0,1287.0,6359.0,378.0,4084.0,693.0,9556.0,0.0,0.0,0.0,0.0,7522.0,35948.0,0.0,0.0,0.0,0.0,0.0,0.0,1078.0,7065.0,0.0,0.0,0.0,0.0,180,1770,Espumante
43,França,0.0,0.0,990.0,3951.0,1481.0,4436.0,945.0,6116.0,5400.0,22664.0,7808.0,42952.0,16246.0,203297.0,0.0,0.0,0.0,0.0,2163.0,9147.0,3123.0,15835.0,7481.0,37286.0,1015.0,5366.0,772.0,4308.0,0,0,Espumante
44,Gana,0.0,0.0,0.0,0.0,0.0,0.0,0.0,0.0,0.0,0.0,0.0,0.0,0.0,0.0,0.0,0.0,0.0,0.0,0.0,0.0,810.0,3696.0,0.0,0.0,654.0,3555.0,12729.0,58137.0,4719,35778,Espumante
45,Gibraltar,0.0,0.0,0.0,0.0,0.0,0.0,0.0,0.0,0.0,0.0,0.0,0.0,0.0,0.0,0.0,0.0,0.0,0.0,0.0,0.0,43.0,85.0,0.0,0.0,0.0,0.0,0.0,0.0,0,0,Espumante
46,Granada,0.0,0.0,0.0,0.0,0.0,0.0,0.0,0.0,0.0,0.0,0.0,0.0,0.0,0.0,0.0,0.0,0.0,0.0,0.0,0.0,0.0,0.0,0.0,0.0,0.0,0.0,1122.0,3050.0,0,0,Espumante
47,Grécia,0.0,0.0,0.0,0.0,0.0,0.0,0.0,0.0,0.0,0.0,0.0,0.0,0.0,0.0,0.0,0.0,0.0,0.0,63.0,391.0,74.0,280.0,97.0,309.0,147.0,360.0,38.0,177.0,59,320,Espumante
48,Guatemala,0.0,0.0,4.0,10.0,0.0,0.0,0.0,0.0,0.0,0.0,0.0,0.0,0.0,0.0,0.0,0.0,0.0,0.0,206.0,1052.0,446.0,2933.0,760.0,4318.0,0.0,0.0,284.0,1527.0,0,0,Espumante
49,Guiana,0.0,0.0,0.0,0.0,0.0,0.0,0.0,0.0,14.0,93.0,1.0,6.0,22.0,221.0,0.0,0.0,4.0,61.0,0.0,0.0,0.0,0.0,0.0,0.0,0.0,0.0,5553.0,26216.0,14084,71163,Espumante
50,Guiné Equatorial,0.0,0.0,0.0,0.0,0.0,0.0,0.0,0.0,0.0,0.0,0.0,0.0,0.0,0.0,7738.0,17056.0,0.0,0.0,0.0,0.0,0.0,0.0,0.0,0.0,0.0,0.0,0.0,0.0,0,0,Espumante
51,Guiné-Bissau,0.0,0.0,0.0,0.0,0.0,0.0,0.0,0.0,0.0,0.0,0.0,0.0,0.0,0.0,0.0,0.0,0.0,0.0,0.0,0.0,0.0,0.0,0.0,0.0,0.0,0.0,0.0,0.0,0,0,Espumante
52,Haiti,0.0,0.0,0.0,0.0,0.0,0.0,0.0,0.0,48.0,174.0,0.0,0.0,0.0,0.0,0.0,0.0,0.0,0.0,0.0,0.0,0.0,0.0,1331.0,2737.0,4978.0,11440.0,4842.0,9417.0,3969,10646,Espumante
53,Honduras,0.0,0.0,0.0,0.0,55.0,120.0,0.0,0.0,0.0,0.0,0.0,0.0,0.0,0.0,0.0,0.0,0.0,0.0,0.0,0.0,0.0,0.0,0.0,0.0,0.0,0.0,0.0,0.0,0,0,Espumante
54,Hong Kong,120.0,505.0,0.0,0.0,424.0,1620.0,320.0,2753.0,586.0,4149.0,7556.0,32582.0,414.0,2693.0,225.0,1704.0,450.0,2705.0,225.0,1704.0,2801.0,10173.0,4124.0,11770.0,3669.0,13135.0,1175.0,5328.0,1355,5169,Espumante
55,Hungria,0.0,0.0,0.0,0.0,0.0,0.0,0.0,0.0,0.0,0.0,0.0,0.0,0.0,0.0,0.0,0.0,0.0,0.0,0.0,0.0,0.0,0.0,0.0,0.0,96.0,668.0,0.0,0.0,0,0,Espumante
56,Ilha de Man,0.0,0.0,0.0,0.0,0.0,0.0,0.0,0.0,0.0,0.0,0.0,0.0,0.0,0.0,0.0,0.0,0.0,0.0,0.0,0.0,0.0,0.0,0.0,0.0,0.0,0.0,2.0,20.0,0,0,Espumante
57,Índia,0.0,0.0,0.0,0.0,0.0,0.0,0.0,0.0,0.0,0.0,0.0,0.0,0.0,0.0,0.0,0.0,0.0,0.0,0.0,0.0,18.0,40.0,25.0,80.0,0.0,26.0,0.0,0.0,0,0,Espumante
58,Iraque,0.0,0.0,0.0,0.0,0.0,0.0,0.0,0.0,0.0,0.0,0.0,0.0,0.0,0.0,0.0,0.0,0.0,0.0,0.0,0.0,0.0,0.0,0.0,0.0,0.0,0.0,0.0,0.0,0,0,Espumante
59,Irlanda,0.0,0.0,360.0,3012.0,1335.0,9411.0,450.0,4200.0,1373.0,14599.0,0.0,0.0,0.0,0.0,0.0,0.0,0.0,0.0,0.0,0.0,14.0,26.0,0.0,0.0,0.0,0.0,6.0,22.0,0,0,Espumante
60,Islândia,0.0,0.0,0.0,0.0,0.0,0.0,0.0,0.0,0.0,0.0,0.0,0.0,0.0,0.0,0.0,0.0,0.0,0.0,0.0,0.0,0.0,0.0,10.0,45.0,0.0,0.0,0.0,0.0,0,0,Espumante
61,Itália,2369.0,6590.0,99.0,390.0,1602.0,9002.0,90.0,1894.0,315.0,1926.0,180.0,832.0,0.0,0.0,135.0,780.0,1467.0,8382.0,1307.0,5331.0,522.0,2445.0,150.0,253.0,172.0,879.0,503.0,3702.0,1460,19905,Espumante
62,Japão,2900.0,8650.0,4737.0,15240.0,632.0,2480.0,1197.0,8217.0,17009.0,83445.0,22290.0,104395.0,1826.0,18118.0,3658.0,14766.0,48604.0,133203.0,7853.0,34532.0,10242.0,41567.0,7294.0,28930.0,6811.0,27860.0,2970.0,12049.0,2311,9708,Espumante
63,Jordânia,0.0,0.0,0.0,0.0,0.0,0.0,0.0,0.0,0.0,0.0,0.0,0.0,0.0,0.0,0.0,0.0,0.0,0.0,0.0,0.0,0.0,0.0,30.0,103.0,0.0,0.0,0.0,0.0,0,0,Espumante
64,Letônia,0.0,0.0,0.0,0.0,0.0,0.0,0.0,0.0,0.0,0.0,0.0,0.0,0.0,0.0,0.0,0.0,158.0,2426.0,0.0,0.0,0.0,0.0,0.0,0.0,0.0,0.0,0.0,0.0,0,0,Espumante
65,Líbano,0.0,0.0,0.0,0.0,0.0,0.0,0.0,0.0,0.0,0.0,0.0,0.0,0.0,0.0,0.0,0.0,0.0,0.0,0.0,0.0,29.0,108.0,0.0,0.0,540.0,1930.0,1350.0,4810.0,0,0,Espumante
66,Libéria,0.0,0.0,0.0,0.0,0.0,0.0,0.0,0.0,0.0,0.0,0.0,0.0,0.0,0.0,0.0,0.0,0.0,0.0,300.0,444.0,1207.0,2420.0,1105.0,6684.0,795.0,2509.0,1105.0,3367.0,973,3358,Espumante
67,Luxemburgo,993.0,3963.0,846.0,4975.0,471.0,2873.0,0.0,0.0,765.0,3973.0,1080.0,5790.0,0.0,0.0,45.0,521.0,360.0,1825.0,113.0,655.0,495.0,2474.0,0.0,0.0,0.0,0.0,0.0,0.0,18,305,Espumante
68,Maldivas,0.0,0.0,0.0,0.0,0.0,0.0,0.0,0.0,0.0,0.0,0.0,0.0,0.0,0.0,0.0,0.0,0.0,0.0,0.0,0.0,0.0,0.0,0.0,0.0,3023.0,12327.0,3221.0,10680.0,4577,20204,Espumante
69,Malta,0.0,0.0,0.0,0.0,0.0,0.0,0.0,0.0,0.0,0.0,0.0,0.0,0.0,0.0,0.0,0.0,0.0,0.0,0.0,0.0,359.0,1317.0,1692.0,2862.0,364.0,2289.0,191.0,822.0,1472,44498,Espumante
70,"Marshall, Ilhas",0.0,0.0,0.0,0.0,0.0,0.0,0.0,0.0,0.0,0.0,0.0,0.0,0.0,0.0,0.0,0.0,0.0,0.0,158.0,604.0,1594.0,2853.0,2093.0,4587.0,1057.0,4087.0,1154.0,3438.0,1375,4886,Espumante
71,Montenegro,0.0,0.0,0.0,0.0,0.0,0.0,0.0,0.0,0.0,0.0,0.0,0.0,0.0,0.0,0.0,0.0,0.0,0.0,0.0,0.0,0.0,0.0,0.0,0.0,9.0,24.0,0.0,0.0,0,0,Espumante
72,México,0.0,0.0,95328.0,24000.0,0.0,0.0,0.0,0.0,0.0,0.0,0.0,0.0,0.0,0.0,0.0,0.0,0.0,0.0,737.0,2476.0,0.0,0.0,0.0,0.0,0.0,0.0,0.0,0.0,0,0,Espumante
73,Nicarágua,0.0,0.0,20.0,40.0,39.0,20.0,0.0,0.0,0.0,0.0,0.0,0.0,0.0,0.0,0.0,0.0,0.0,0.0,0.0,0.0,0.0,0.0,0.0,0.0,0.0,0.0,0.0,0.0,0,0,Espumante
74,Nigéria,0.0,0.0,0.0,0.0,108.0,506.0,388.0,1984.0,0.0,0.0,0.0,0.0,0.0,0.0,68.0,445.0,0.0,0.0,976.0,4029.0,1809.0,7513.0,4613.0,15728.0,0.0,0.0,6705.0,32586.0,0,0,Espumante
75,Noruega,0.0,0.0,0.0,0.0,3693.0,21352.0,1534.0,15933.0,567.0,3904.0,24616.0,119690.0,3192.0,10099.0,0.0,0.0,0.0,0.0,81.0,300.0,345.0,505.0,172.0,321.0,37.0,155.0,483.0,9852.0,0,0,Espumante
76,Nova Zelândia,0.0,0.0,0.0,0.0,291.0,1606.0,150.0,1021.0,150.0,970.0,150.0,554.0,233.0,822.0,0.0,0.0,196.0,1021.0,15.0,168.0,0.0,0.0,0.0,0.0,0.0,0.0,0.0,0.0,303,4231,Espumante
77,Países Baixos (Holanda),2250.0,11276.0,2896.0,11444.0,5948.0,18399.0,3854.0,25485.0,1822.0,10000.0,8280.0,51852.0,1665.0,7907.0,0.0,0.0,0.0,0.0,0.0,0.0,432.0,923.0,38.0,717.0,86.0,479.0,707.0,6038.0,3,49,Espumante
78,Panamá,0.0,0.0,27.0,30.0,0.0,0.0,0.0,0.0,0.0,0.0,0.0,0.0,0.0,0.0,0.0,0.0,0.0,0.0,319.0,740.0,2929.0,6126.0,7163.0,15019.0,1639.0,4514.0,3092.0,32540.0,7936,43115,Espumante
79,Paraguai,20099.0,18376.0,6728.0,24228.0,2513.0,8531.0,3568.0,10442.0,23603.0,81321.0,28038.0,96500.0,29016.0,70845.0,40197.0,123169.0,80951.0,255320.0,92114.0,205510.0,94620.0,224306.0,16231.0,48614.0,45629.0,136909.0,48160.0,183187.0,64662,192975,Espumante
80,Peru,0.0,0.0,0.0,0.0,0.0,0.0,0.0,0.0,0.0,0.0,0.0,0.0,0.0,0.0,0.0,0.0,0.0,0.0,1577.0,6379.0,596.0,1854.0,0.0,0.0,0.0,0.0,0.0,0.0,108,756,Espumante
81,Polônia,1545.0,6859.0,90.0,599.0,0.0,0.0,0.0,0.0,0.0,0.0,206.0,1245.0,225.0,2310.0,0.0,0.0,0.0,0.0,23099.0,73608.0,18810.0,57107.0,14.0,19.0,0.0,0.0,0.0,0.0,126,659,Espumante
82,Porto Rico,0.0,0.0,0.0,0.0,0.0,0.0,0.0,0.0,0.0,0.0,0.0,0.0,45.0,1736.0,0.0,0.0,0.0,0.0,100.0,1512.0,0.0,0.0,0.0,0.0,0.0,0.0,0.0,0.0,0,0,Espumante
83,Portugal,0.0,0.0,5387.0,17475.0,0.0,0.0,0.0,0.0,0.0,0.0,0.0,0.0,0.0,0.0,0.0,0.0,756.0,11568.0,1552.0,23255.0,1288.0,15933.0,631.0,11065.0,21.0,135.0,56.0,612.0,2191,38616,Espumante
84,Quênia,0.0,0.0,0.0,0.0,0.0,0.0,80.0,483.0,1.0,1.0,0.0,0.0,0.0,0.0,0.0,0.0,100.0,1512.0,0.0,0.0,0.0,0.0,0.0,0.0,0.0,0.0,0.0,0.0,0,0,Espumante
85,Reino Unido,0.0,0.0,13501.0,55256.0,1980.0,8040.0,11896.0,66897.0,13900.0,73941.0,131483.0,607711.0,16511.0,97055.0,56615.0,223774.0,27700.0,101672.0,14626.0,72651.0,11049.0,54428.0,8084.0,42414.0,7130.0,45041.0,9305.0,53968.0,16057,86879,Espumante
86,Republica Dominicana,0.0,0.0,0.0,0.0,0.0,0.0,0.0,0.0,0.0,0.0,0.0,0.0,0.0,0.0,0.0,0.0,0.0,0.0,0.0,0.0,0.0,0.0,0.0,0.0,0.0,0.0,0.0,0.0,0,0,Espumante
87,Republica Tcheca,395.0,900.0,0.0,0.0,526.0,2020.0,0.0,0.0,158.0,1755.0,7.0,66.0,23.0,278.0,94.0,532.0,207.0,942.0,0.0,0.0,0.0,0.0,0.0,0.0,0.0,0.0,0.0,0.0,0,0,Espumante
88,Rússia,0.0,0.0,0.0,0.0,0.0,0.0,0.0,0.0,0.0,0.0,0.0,0.0,0.0,0.0,0.0,0.0,0.0,0.0,47765.0,18240.0,71654.0,27360.0,0.0,0.0,0.0,0.0,990.0,5280.0,0,0,Espumante
89,Serra Leoa,0.0,0.0,0.0,0.0,0.0,0.0,0.0,0.0,0.0,0.0,0.0,0.0,0.0,0.0,0.0,0.0,0.0,0.0,0.0,0.0,0.0,0.0,450.0,2140.0,225.0,1070.0,225.0,1165.0,271,1287,Espumante
90,Singapura,0.0,0.0,0.0,0.0,0.0,0.0,0.0,0.0,0.0,0.0,0.0,0.0,0.0,0.0,0.0,0.0,0.0,0.0,0.0,0.0,0.0,0.0,979.0,2193.0,525.0,926.0,642.0,5235.0,209,599,Espumante
91,Suécia,2070.0,10950.0,0.0,0.0,0.0,0.0,0.0,0.0,450.0,6470.0,98.0,534.0,292.0,2190.0,140.0,352.0,298.0,1136.0,54.0,218.0,0.0,0.0,0.0,0.0,0.0,0.0,0.0,0.0,0,0,Espumante
92,Suíça,0.0,0.0,0.0,0.0,3465.0,12250.0,3780.0,31080.0,1620.0,14014.0,10936.0,111259.0,1080.0,9648.0,270.0,2719.0,1890.0,16884.0,0.0,0.0,2704.0,8959.0,672.0,227.0,1074.0,4739.0,0.0,0.0,444,4474,Espumante
93,Suriname,0.0,0.0,0.0,0.0,0.0,0.0,0.0,0.0,0.0,0.0,31.0,88.0,8.0,19.0,0.0,0.0,0.0,0.0,0.0,0.0,2.0,3.0,0.0,0.0,880.0,4202.0,0.0,0.0,0,0,Espumante
94,Tailândia,0.0,0.0,0.0,0.0,0.0,0.0,0.0,0.0,0.0,0.0,0.0,0.0,0.0,0.0,0.0,0.0,0.0,0.0,0.0,0.0,8.0,169.0,16.0,287.0,22.0,142.0,17.0,107.0,7,43,Espumante
95,Taiwan (Formosa),0.0,0.0,0.0,0.0,0.0,0.0,0.0,0.0,0.0,0.0,0.0,0.0,0.0,0.0,2706.0,13484.0,1507.0,6574.0,0.0,0.0,5.0,6.0,995.0,4212.0,1255.0,5578.0,901.0,4141.0,1099,3664,Espumante
96,"Tcheca, República",0.0,0.0,0.0,0.0,0.0,0.0,0.0,0.0,0.0,0.0,0.0,0.0,0.0,0.0,0.0,0.0,0.0,0.0,0.0,0.0,0.0,0.0,0.0,0.0,0.0,0.0,0.0,0.0,167,1236,Espumante
97,Trinidade e Tobago,0.0,0.0,18.0,20.0,0.0,0.0,383.0,1785.0,0.0,0.0,315.0,1470.0,0.0,0.0,0.0,0.0,0.0,0.0,0.0,0.0,0.0,0.0,0.0,0.0,0.0,0.0,0.0,0.0,0,0,Espumante
98,Turquia,0.0,0.0,0.0,0.0,0.0,0.0,0.0,0.0,0.0,0.0,0.0,0.0,0.0,0.0,0.0,0.0,0.0,0.0,0.0,0.0,6.0,30.0,18.0,75.0,74.0,258.0,2.0,17.0,6930,26566,Espumante
99,Uruguai,0.0,0.0,472.0,21325.0,0.0,0.0,0.0,0.0,22717.0,82754.0,34463.0,128510.0,19574.0,74551.0,7656.0,28085.0,13237.0,48581.0,9265.0,34039.0,2808.0,15045.0,1796.0,15322.0,0.0,0.0,10200.0,87895.0,2812,14352,Espumante
100,Vanuatu,0.0,0.0,0.0,0.0,0.0,0.0,0.0,0.0,0.0,0.0,0.0,0.0,0.0,0.0,0.0,0.0,0.0,0.0,0.0,0.0,0.0,0.0,14.0,31.0,0.0,0.0,0.0,0.0,0,0,Espumante
101,Venezuela,0.0,0.0,0.0,0.0,0.0,0.0,1470.0,10065.0,0.0,0.0,2.0,46.0,0.0,0.0,16.0,13.0,455.0,2205.0,5.0,10.0,450.0,2670.0,0.0,0.0,0.0,0.0,0.0,0.0,0,0,Espumante
102,Vietnã,675.0,1768.0,189.0,651.0,0.0,0.0,0.0,0.0,0.0,0.0,0.0,0.0,0.0,0.0,0.0,0.0,0.0,0.0,0.0,0.0,0.0,0.0,0.0,0.0,144.0,374.0,16.0,19.0,0,0,Espumante
103,Outros(1),0.0,0.0,0.0,0.0,0.0,0.0,0.0,0.0,0.0,0.0,0.0,0.0,0.0,0.0,0.0,0.0,0.0,0.0,0.0,0.0,0.0,0.0,0.0,0.0,0.0,0.0,0.0,0.0,0,0,Espumante
1,África do Sul,0.0,0.0,0.0,0.0,0.0,0.0,3739.0,6324.0,0.0,0.0,0.0,0.0,0.0,0.0,0.0,0.0,0.0,0.0,0.0,0.0,0.0,0.0,0.0,0.0,0.0,0.0,34344.0,49753.0,0,0,Suco
2,"Alemanha, República Democrática da",0.0,0.0,0.0,0.0,0.0,0.0,1.0,1.0,4.0,5.0,38480.0,23268.0,6.0,6.0,0.0,0.0,0.0,0.0,96.0,91.0,12.0,24.0,86.0,44.0,13.0,4.0,5.0,24.0,33,39,Suco
3,Angola,237494.0,191270.0,6413.0,8108.0,0.0,0.0,0.0,0.0,5001.0,21599.0,1200.0,2880.0,1378.0,1739.0,5961.0,10771.0,160.0,1185.0,1895.0,1553.0,0.0,0.0,17766.0,21627.0,6073.0,5915.0,86536.0,91839.0,55683,68724,Suco
4,Antígua e Barbuda,0.0,0.0,0.0,0.0,0.0,0.0,0.0,0.0,0.0,0.0,0.0,0.0,0.0,0.0,0.0,0.0,0.0,0.0,48.0,53.0,95.0,99.0,36.0,25.0,120.0,168.0,48.0,57.0,0,0,Suco
5,Antilhas Holandesas,0.0,0.0,0.0,0.0,0.0,0.0,0.0,0.0,0.0,0.0,0.0,0.0,0.0,0.0,0.0,0.0,0.0,0.0,0.0,0.0,0.0,0.0,0.0,0.0,0.0,0.0,0.0,0.0,0,0,Suco
6,Arábia Saudita,48760.0,124520.0,0.0,0.0,0.0,0.0,0.0,0.0,0.0,0.0,0.0,0.0,0.0,0.0,0.0,0.0,0.0,0.0,0.0,0.0,0.0,0.0,0.0,0.0,0.0,0.0,0.0,0.0,0,0,Suco
7,Argélia,0.0,0.0,0.0,0.0,0.0,0.0,0.0,0.0,0.0,0.0,0.0,0.0,0.0,0.0,0.0,0.0,0.0,0.0,16.0,33.0,0.0,0.0,0.0,0.0,0.0,0.0,0.0,0.0,0,0,Suco
8,Argentina,1260.0,6979.0,840.0,5315.0,14235.0,131312.0,2505.0,34018.0,0.0,0.0,250.0,775.0,800.0,5992.0,1270.0,9414.0,780.0,5843.0,795.0,3458.0,3504.0,3327.0,5140.0,8209.0,7325.0,12515.0,1060.0,4845.0,795,3808,Suco
9,Aruba,5008.0,3270.0,1878.0,1143.0,0.0,0.0,0.0,0.0,0.0,0.0,0.0,0.0,0.0,0.0,0.0,0.0,0.0,0.0,0.0,0.0,0.0,0.0,450.0,788.0,0.0,0.0,0.0,0.0,0,0,Suco
10,Austrália,0.0,0.0,0.0,0.0,0.0,0.0,0.0,0.0,0.0,0.0,0.0,0.0,271.0,636.0,799.0,1887.0,800.0,3047.0,580.0,2193.0,480.0,1664.0,1638.0,3939.0,43971.0,67168.0,15499.0,34539.0,9228,20692,Suco
11,Áustria,0.0,0.0,0.0,0.0,0.0,0.0,0.0,0.0,0.0,0.0,0.0,0.0,0.0,0.0,0.0,0.0,0.0,0.0,0.0,0.0,0.0,0.0,0.0,0.0,0.0,0.0,0.0,0.0,0,0,Suco
12,Bahamas,0.0,0.0,0.0,0.0,0.0,0.0,0.0,0.0,0.0,0.0,0.0,0.0,0.0,0.0,0.0,0.0,0.0,0.0,12.0,13.0,168.0,169.0,34.0,41.0,542.0,662.0,1374.0,2511.0,463,674,Suco
13,Bangladesh,0.0,0.0,0.0,0.0,0.0,0.0,0.0,0.0,0.0,0.0,0.0,0.0,0.0,0.0,0.0,0.0,0.0,0.0,0.0,0.0,0.0,0.0,0.0,0.0,0.0,0.0,48.0,68.0,302,352,Suco
14,Barbados,2806.0,2314.0,0.0,0.0,0.0,0.0,0.0,0.0,0.0,0.0,0.0,0.0,0.0,0.0,0.0,0.0,0.0,0.0,0.0,0.0,0.0,0.0,0.0,0.0,75.0,192.0,153.0,362.0,187,545,Suco
15,Barein,0.0,0.0,0.0,0.0,0.0,0.0,0.0,0.0,0.0,0.0,0.0,0.0,0.0,0.0,0.0,0.0,0.0,0.0,0.0,0.0,0.0,0.0,0.0,0.0,0.0,0.0,24.0,7.0,0,0,Suco
16,Bélgica,0.0,0.0,0.0,0.0,0.0,0.0,0.0,0.0,0.0,0.0,0.0,0.0,0.0,0.0,0.0,0.0,0.0,0.0,27.0,54.0,24.0,19.0,117.0,196.0,0.0,0.0,3210.0,7586.0,27,67,Suco
17,Belize,0.0,0.0,0.0,0.0,0.0,0.0,0.0,0.0,0.0,0.0,0.0,0.0,0.0,0.0,0.0,0.0,0.0,0.0,0.0,0.0,0.0,0.0,0.0,0.0,0.0,0.0,45.0,333.0,0,0,Suco
18,Benin,0.0,0.0,0.0,0.0,0.0,0.0,0.0,0.0,0.0,0.0,0.0,0.0,438.0,321.0,0.0,0.0,0.0,0.0,0.0,0.0,0.0,0.0,0.0,0.0,0.0,0.0,0.0,0.0,0,0,Suco
19,Bermudas,0.0,0.0,0.0,0.0,0.0,0.0,0.0,0.0,0.0,0.0,0.0,0.0,0.0,0.0,0.0,0.0,0.0,0.0,0.0,0.0,0.0,0.0,24.0,27.0,0.0,0.0,0.0,0.0,0,0,Suco
20,Birmânia,0.0,0.0,8.0,14.0,0.0,0.0,0.0,0.0,0.0,0.0,0.0,0.0,0.0,0.0,0.0,0.0,0.0,0.0,0.0,0.0,0.0,0.0,0.0,0.0,0.0,0.0,0.0,0.0,0,0,Suco
21,Bolívia,0.0,0.0,539.0,910.0,3375.0,8958.0,4468.0,11723.0,3003.0,8238.0,3414.0,7448.0,9867.0,21856.0,7755.0,14917.0,11797.0,26003.0,612.0,1207.0,0.0,0.0,21435.0,26745.0,15700.0,19860.0,22695.0,29041.0,22246,31793,Suco
22,Cabo Verde,0.0,0.0,0.0,0.0,0.0,0.0,0.0,0.0,0.0,0.0,0.0,0.0,0.0,0.0,0.0,0.0,180.0,330.0,180.0,330.0,126.0,236.0,270.0,224.0,0.0,0.0,0.0,0.0,90,170,Suco
23,Camarões,0.0,0.0,0.0,0.0,0.0,0.0,0.0,0.0,0.0,0.0,0.0,0.0,0.0,0.0,0.0,0.0,1159.0,2441.0,0.0,0.0,0.0,0.0,20.0,29.0,0.0,0.0,0.0,0.0,0,0,Suco
24,Canadá,0.0,0.0,0.0,0.0,0.0,0.0,0.0,0.0,0.0,0.0,76.0,115.0,0.0,0.0,0.0,0.0,2355.0,5377.0,9486.0,11200.0,0.0,0.0,14943.0,19320.0,4476.0,5709.0,43210.0,105551.0,29504,72670,Suco
25,Catar,0.0,0.0,0.0,0.0,0.0,0.0,0.0,0.0,0.0,0.0,0.0,0.0,0.0,0.0,0.0,0.0,0.0,0.0,0.0,0.0,0.0,0.0,5.0,47.0,0.0,0.0,0.0,0.0,1,8,Suco
26,"Cayman, Ilhas",0.0,0.0,0.0,0.0,0.0,0.0,0.0,0.0,0.0,0.0,0.0,0.0,0.0,0.0,0.0,0.0,0.0,0.0,0.0,0.0,0.0,0.0,0.0,0.0,0.0,0.0,396.0,445.0,0,0,Suco
27,Chile,0.0,0.0,0.0,0.0,0.0,0.0,9659.0,17692.0,0.0,0.0,789.0,4539.0,0.0,0.0,0.0,0.0,1448.0,2208.0,1788.0,2344.0,0.0,0.0,5320.0,6612.0,16845.0,19418.0,2923.0,1932.0,3,6,Suco
28,China,0.0,0.0,0.0,0.0,1146.0,1619.0,47.0,128.0,18588.0,47255.0,0.0,0.0,6029.0,20101.0,1196.0,1473.0,16815.0,32594.0,23937.0,47152.0,6.0,7.0,240845.0,413169.0,667684.0,1182122.0,1212412.0,2226651.0,737608,1525476,Suco
29,Chipre,0.0,0.0,0.0,0.0,0.0,0.0,0.0,0.0,0.0,0.0,0.0,0.0,0.0,0.0,0.0,0.0,0.0,0.0,161.0,226.0,138.0,196.0,252.0,315.0,224.0,232.0,114.0,142.0,156,40,Suco
30,Cingapura,0.0,0.0,0.0,0.0,0.0,0.0,0.0,0.0,0.0,0.0,0.0,0.0,0.0,0.0,0.0,0.0,6300.0,10510.0,908.0,1354.0,676.0,674.0,0.0,0.0,0.0,0.0,0.0,0.0,0,0,Suco
31,Colômbia,0.0,0.0,0.0,0.0,0.0,0.0,12000.0,44520.0,13005.0,46435.0,4000.0,13530.0,6650.0,18296.0,5700.0,18531.0,0.0,0.0,0.0,0.0,0.0,0.0,1.0,2.0,11082.0,14051.0,0.0,0.0,0,0,Suco
32,Congo,0.0,0.0,0.0,0.0,0.0,0.0,0.0,0.0,0.0,0.0,0.0,0.0,0.0,0.0,0.0,0.0,0.0,0.0,0.0,0.0,0.0,0.0,0.0,0.0,0.0,0.0,0.0,0.0,0,0,Suco
33,Coreia do Sul,0.0,0.0,0.0,0.0,0.0,0.0,0.0,0.0,18550.0,52478.0,0.0,0.0,0.0,0.0,0.0,0.0,0.0,0.0,0.0,0.0,0.0,0.0,0.0,0.0,0.0,0.0,39780.0,64740.0,46146,129150,Suco
34,Costa do Marfim,0.0,0.0,0.0,0.0,0.0,0.0,0.0,0.0,0.0,0.0,0.0,0.0,0.0,0.0,0.0,0.0,0.0,0.0,0.0,0.0,0.0,0.0,0.0,0.0,0.0,0.0,0.0,0.0,0,0,Suco
35,Costa Rica,0.0,0.0,0.0,0.0,0.0,0.0,0.0,0.0,0.0,0.0,0.0,0.0,0.0,0.0,0.0,0.0,3026.0,12611.0,0.0,0.0,0.0,0.0,0.0,0.0,2160.0,1440.0,0.0,0.0,0,0,Suco
36,Coveite,0.0,0.0,0.0,0.0,0.0,0.0,0.0,0.0,0.0,0.0,655.0,2022.0,0.0,0.0,0.0,0.0,0.0,0.0,0.0,0.0,0.0,0.0,0.0,0.0,10038.0,14424.0,0.0,0.0,0,0,Suco
37,Cuba,0.0,0.0,0.0,0.0,0.0,0.0,0.0,0.0,0.0,0.0,0.0,0.0,0.0,0.0,0.0,0.0,0.0,0.0,0.0,0.0,0.0,0.0,0.0,0.0,0.0,0.0,0.0,0.0,0,0,Suco
38,Curaçao,0.0,0.0,0.0,0.0,0.0,0.0,0.0,0.0,0.0,0.0,0.0,0.0,0.0,0.0,0.0,0.0,810.0,1872.0,948.0,1755.0,0.0,0.0,1727.0,2012.0,1050.0,1641.0,403.0,802.0,336,1122,Suco
39,Dinamarca,74200.0,184388.0,0.0,0.0,0.0,0.0,0.0,0.0,0.0,0.0,0.0,0.0,0.0,0.0,0.0,0.0,0.0,0.0,72.0,229.0,84.0,118.0,90.0,143.0,206.0,294.0,36.0,27.0,200,299,Suco
40,"Dominica, Ilha de",0.0,0.0,0.0,0.0,0.0,0.0,0.0,0.0,0.0,0.0,0.0,0.0,0.0,0.0,0.0,0.0,0.0,0.0,35.0,44.0,0.0,0.0,0.0,0.0,0.0,0.0,0.0,0.0,0,0,Suco
41,El Salvador,0.0,0.0,0.0,0.0,0.0,0.0,0.0,0.0,0.0,0.0,0.0,0.0,0.0,0.0,0.0,0.0,0.0,0.0,0.0,0.0,0.0,0.0,0.0,0.0,0.0,0.0,0.0,0.0,0,0,Suco
42,Emirados Árabes Unidos,0.0,0.0,0.0,0.0,0.0,0.0,0.0,0.0,0.0,0.0,0.0,0.0,0.0,0.0,0.0,0.0,0.0,0.0,0.0,0.0,0.0,0.0,396.0,455.0,1548.0,2383.0,0.0,0.0,1163,1213,Suco
43,Equador,0.0,0.0,0.0,0.0,0.0,0.0,0.0,0.0,0.0,0.0,0.0,0.0,0.0,0.0,0.0,0.0,0.0,0.0,0.0,0.0,0.0,0.0,14268.0,21675.0,0.0,0.0,13800.0,17716.0,21876,30774,Suco
44,Espanha,0.0,0.0,0.0,0.0,960.0,3799.0,0.0,0.0,0.0,0.0,0.0,0.0,0.0,0.0,0.0,0.0,0.0,0.0,0.0,0.0,0.0,0.0,0.0,0.0,0.0,0.0,0.0,0.0,44592,25002,Suco
45,Estados Unidos,985916.0,2002894.0,204956.0,422800.0,86325.0,330287.0,0.0,0.0,37779.0,97968.0,8970.0,25290.0,19753.0,42721.0,11508.0,21663.0,32252.0,69200.0,27645.0,56911.0,455.0,1963.0,73431.0,122865.0,702976.0,1381158.0,431004.0,848282.0,866096,2125880,Suco
46,Falkland (Malvinas),0.0,0.0,0.0,0.0,0.0,0.0,0.0,0.0,0.0,0.0,0.0,0.0,0.0,0.0,0.0,0.0,0.0,0.0,50.0,66.0,0.0,0.0,0.0,0.0,0.0,0.0,0.0,0.0,0,0,Suco
47,Filipinas,0.0,0.0,0.0,0.0,0.0,0.0,0.0,0.0,0.0,0.0,0.0,0.0,102555.0,201996.0,0.0,0.0,0.0,0.0,24.0,22.0,0.0,0.0,109.0,95.0,64.0,109.0,12389.0,12734.0,655,748,Suco
48,Finlândia,0.0,0.0,0.0,0.0,0.0,0.0,0.0,0.0,0.0,0.0,0.0,0.0,0.0,0.0,0.0,0.0,0.0,0.0,0.0,0.0,0.0,0.0,0.0,0.0,0.0,0.0,45.0,89.0,0,0,Suco
49,França,0.0,0.0,0.0,0.0,0.0,0.0,0.0,0.0,24.0,653.0,0.0,0.0,0.0,0.0,0.0,0.0,0.0,0.0,0.0,0.0,0.0,0.0,12.0,38.0,0.0,0.0,2.0,1.0,192,263,Suco
50,Gana,0.0,0.0,2626.0,2803.0,0.0,0.0,0.0,0.0,0.0,0.0,0.0,0.0,0.0,0.0,0.0,0.0,0.0,0.0,0.0,0.0,0.0,0.0,0.0,0.0,0.0,0.0,35559.0,55463.0,103346,175088,Suco
51,Gibraltar,0.0,0.0,0.0,0.0,0.0,0.0,0.0,0.0,0.0,0.0,0.0,0.0,0.0,0.0,0.0,0.0,0.0,0.0,0.0,0.0,0.0,0.0,0.0,0.0,108.0,247.0,48.0,46.0,0,0,Suco
52,Granada,0.0,0.0,0.0,0.0,0.0,0.0,0.0,0.0,0.0,0.0,0.0,0.0,0.0,0.0,0.0,0.0,0.0,0.0,0.0,0.0,0.0,0.0,0.0,0.0,0.0,0.0,120.0,167.0,0,0,Suco
53,Grécia,0.0,0.0,0.0,0.0,0.0,0.0,0.0,0.0,0.0,0.0,0.0,0.0,0.0,0.0,0.0,0.0,0.0,0.0,72.0,74.0,66.0,58.0,392.0,371.0,10.0,16.0,144.0,160.0,412,438,Suco
54,Guatemala,1800.0,2850.0,1656.0,2898.0,0.0,0.0,0.0,0.0,0.0,0.0,0.0,0.0,0.0,0.0,0.0,0.0,0.0,0.0,0.0,0.0,0.0,0.0,0.0,0.0,0.0,0.0,0.0,0.0,0,0,Suco
55,Guiana,0.0,0.0,0.0,0.0,0.0,0.0,0.0,0.0,0.0,0.0,0.0,0.0,0.0,0.0,0.0,0.0,0.0,0.0,0.0,0.0,0.0,0.0,350.0,1078.0,24.0,38.0,6.0,19.0,114,300,Suco
56,Guiana Francesa,0.0,0.0,0.0,0.0,0.0,0.0,0.0,0.0,0.0,0.0,0.0,0.0,0.0,0.0,0.0,0.0,0.0,0.0,0.0,0.0,0.0,0.0,0.0,0.0,396.0,474.0,90.0,46.0,300,90,Suco
57,Guiné Bissau,0.0,0.0,32.0,70.0,0.0,0.0,0.0,0.0,0.0,0.0,0.0,0.0,0.0,0.0,0.0,0.0,0.0,0.0,0.0,0.0,0.0,0.0,0.0,0.0,0.0,0.0,0.0,0.0,0,0,Suco
58,Guine Equatorial,0.0,0.0,0.0,0.0,0.0,0.0,0.0,0.0,0.0,0.0,45.0,385.0,0.0,0.0,0.0,0.0,0.0,0.0,0.0,0.0,0.0,0.0,0.0,0.0,0.0,0.0,0.0,0.0,0,0,Suco
59,Haiti,0.0,0.0,0.0,0.0,0.0,0.0,0.0,0.0,0.0,0.0,0.0,0.0,0.0,0.0,864.0,901.0,0.0,0.0,0.0,0.0,0.0,0.0,420.0,438.0,4818.0,4706.0,267.0,36.0,890,569,Suco
60,Hong Kong,0.0,0.0,0.0,0.0,0.0,0.0,77.0,103.0,0.0,0.0,0.0,0.0,28371.0,39910.0,2751.0,3678.0,19211.0,33468.0,16170.0,24239.0,818.0,772.0,1170.0,1126.0,2010.0,2564.0,15159.0,28840.0,9236,14083,Suco
61,Hungria,0.0,0.0,0.0,0.0,0.0,0.0,0.0,0.0,0.0,0.0,0.0,0.0,0.0,0.0,0.0,0.0,0.0,0.0,0.0,0.0,0.0,0.0,0.0,0.0,0.0,0.0,0.0,0.0,0,0,Suco
62,Ilha de Man,0.0,0.0,0.0,0.0,0.0,0.0,0.0,0.0,0.0,0.0,0.0,0.0,0.0,0.0,0.0,0.0,0.0,0.0,0.0,0.0,72.0,59.0,24.0,22.0,14.0,60.0,24.0,25.0,144,202,Suco
63,India,0.0,0.0,0.0,0.0,0.0,0.0,0.0,0.0,0.0,0.0,0.0,0.0,0.0,0.0,0.0,0.0,0.0,0.0,48.0,41.0,66.0,83.0,0.0,0.0,258.0,360.0,220.0,496.0,0,0,Suco
64,Indonésia,0.0,0.0,0.0,0.0,0.0,0.0,0.0,0.0,0.0,0.0,0.0,0.0,0.0,0.0,0.0,0.0,0.0,0.0,0.0,0.0,0.0,0.0,0.0,0.0,0.0,0.0,0.0,0.0,2,3,Suco
65,Irã,0.0,0.0,0.0,0.0,0.0,0.0,0.0,0.0,0.0,0.0,0.0,0.0,0.0,0.0,0.0,0.0,0.0,0.0,0.0,0.0,0.0,0.0,150.0,206.0,5.0,84.0,0.0,0.0,0,0,Suco
66,Iraque,0.0,0.0,0.0,0.0,0.0,0.0,0.0,0.0,0.0,0.0,0.0,0.0,0.0,0.0,0.0,0.0,0.0,0.0,0.0,0.0,0.0,0.0,0.0,0.0,0.0,0.0,0.0,0.0,0,0,Suco
67,Irlanda,0.0,0.0,0.0,0.0,0.0,0.0,0.0,0.0,0.0,0.0,0.0,0.0,0.0,0.0,0.0,0.0,0.0,0.0,0.0,0.0,0.0,0.0,0.0,0.0,0.0,0.0,3728.0,5977.0,930,2373,Suco
68,Israel,18550.0,46097.0,18550.0,46097.0,0.0,0.0,0.0,0.0,0.0,0.0,0.0,0.0,0.0,0.0,0.0,0.0,0.0,0.0,0.0,0.0,0.0,0.0,0.0,0.0,0.0,0.0,0.0,0.0,0,0,Suco
69,Itália,37500.0,88201.0,0.0,0.0,0.0,0.0,0.0,0.0,0.0,0.0,0.0,0.0,6.0,20.0,0.0,0.0,0.0,0.0,0.0,0.0,0.0,0.0,0.0,0.0,4968.0,14205.0,6120.0,13764.0,1655,1952,Suco
70,Iugoslâvia,0.0,0.0,0.0,0.0,0.0,0.0,0.0,0.0,0.0,0.0,0.0,0.0,0.0,0.0,0.0,0.0,0.0,0.0,0.0,0.0,0.0,0.0,0.0,0.0,0.0,0.0,0.0,0.0,0,0,Suco
71,Jamaica,0.0,0.0,0.0,0.0,0.0,0.0,0.0,0.0,0.0,0.0,0.0,0.0,0.0,0.0,0.0,0.0,0.0,0.0,0.0,0.0,0.0,0.0,0.0,0.0,0.0,0.0,0.0,0.0,0,0,Suco
72,Japão,4003555.0,8938827.0,2707950.0,7174253.0,4001175.0,14015433.0,2168980.0,6749165.0,3535083.0,10484979.0,4450419.0,11610811.0,2036338.0,4596349.0,1845255.0,4043813.0,1890810.0,5330360.0,1006241.0,2379350.0,1381569.0,3277767.0,481953.0,1128364.0,950486.0,2082222.0,2187768.0,4777682.0,2583100,6376989,Suco
73,Líbano,0.0,0.0,0.0,0.0,0.0,0.0,0.0,0.0,0.0,0.0,0.0,0.0,0.0,0.0,0.0,0.0,0.0,0.0,0.0,0.0,0.0,0.0,9.0,4.0,14880.0,23946.0,0.0,0.0,16800,25432,Suco
74,Libéria,0.0,0.0,0.0,0.0,0.0,0.0,0.0,0.0,0.0,0.0,0.0,0.0,0.0,0.0,0.0,0.0,0.0,0.0,336.0,326.0,520.0,638.0,842.0,1194.0,878.0,1123.0,1618.0,2054.0,1231,1737,Suco
75,Líbia,0.0,0.0,0.0,0.0,0.0,0.0,0.0,0.0,7584.0,20760.0,30720.0,96754.0,33156.0,87798.0,0.0,0.0,0.0,0.0,0.0,0.0,207360.0,121731.0,16587.0,22232.0,285756.0,476853.0,265152.0,278404.0,74988,95805,Suco
76,Luxemburgo,0.0,0.0,0.0,0.0,0.0,0.0,0.0,0.0,0.0,0.0,0.0,0.0,0.0,0.0,0.0,0.0,0.0,0.0,0.0,0.0,0.0,0.0,0.0,0.0,130.0,430.0,24.0,23.0,0,0,Suco
77,Malásia,18550.0,44520.0,0.0,0.0,18550.0,72160.0,0.0,0.0,18550.0,53795.0,0.0,0.0,0.0,0.0,0.0,0.0,0.0,0.0,0.0,0.0,9275.0,24115.0,10070.0,22066.0,0.0,0.0,16695.0,36729.0,0,0,Suco
78,Malta,0.0,0.0,0.0,0.0,0.0,0.0,0.0,0.0,0.0,0.0,0.0,0.0,0.0,0.0,0.0,0.0,0.0,0.0,41.0,105.0,276.0,277.0,2364.0,2825.0,1500.0,2360.0,915.0,1564.0,1575,2007,Suco
79,"Marshall, Ilhas",0.0,0.0,0.0,0.0,0.0,0.0,0.0,0.0,0.0,0.0,0.0,0.0,0.0,0.0,0.0,0.0,0.0,0.0,492.0,678.0,817.0,948.0,1479.0,1844.0,4282.0,6165.0,4002.0,6122.0,2936,4694,Suco
80,Mauritânia,0.0,0.0,0.0,0.0,0.0,0.0,0.0,0.0,0.0,0.0,0.0,0.0,0.0,0.0,0.0,0.0,0.0,0.0,0.0,0.0,0.0,0.0,0.0,0.0,0.0,0.0,0.0,0.0,0,0,Suco
81,México,18550.0,48230.0,37074.0,102175.0,61932.0,243124.0,83291.0,309005.0,86626.0,310549.0,109550.0,281131.0,82377.0,238026.0,95340.0,305904.0,76435.0,279378.0,24173.0,66078.0,24602.0,67789.0,46857.0,112458.0,8829.0,21188.0,4516.0,10837.0,0,0,Suco
82,Moçambique,0.0,0.0,0.0,0.0,0.0,0.0,0.0,0.0,0.0,0.0,0.0,0.0,0.0,0.0,0.0,0.0,0.0,0.0,0.0,0.0,0.0,0.0,0.0,0.0,477.0,441.0,0.0,0.0,0,0,Suco
83,Mônaco,0.0,0.0,0.0,0.0,0.0,0.0,0.0,0.0,0.0,0.0,0.0,0.0,0.0,0.0,0.0,0.0,0.0,0.0,0.0,0.0,0.0,0.0,36.0,37.0,0.0,0.0,0.0,0.0,0,0,Suco
84,Montenegro,0.0,0.0,0.0,0.0,0.0,0.0,0.0,0.0,0.0,0.0,0.0,0.0,0.0,0.0,0.0,0.0,0.0,0.0,0.0,0.0,0.0,0.0,0.0,0.0,12.0,12.0,0.0,0.0,0,0,Suco
85,Namíbia,0.0,0.0,0.0,0.0,0.0,0.0,0.0,0.0,0.0,0.0,0.0,0.0,0.0,0.0,0.0,0.0,0.0,0.0,0.0,0.0,0.0,0.0,0.0,0.0,0.0,0.0,0.0,0.0,0,0,Suco
86,Nigéria,0.0,0.0,0.0,0.0,0.0,0.0,0.0,0.0,30.0,56.0,0.0,0.0,0.0,0.0,0.0,0.0,0.0,0.0,0.0,0.0,0.0,0.0,0.0,0.0,0.0,0.0,1530.0,2430.0,12390,16966,Suco
87,Noruega,0.0,0.0,0.0,0.0,0.0,0.0,2016.0,6655.0,0.0,0.0,0.0,0.0,0.0,0.0,0.0,0.0,0.0,0.0,501.0,727.0,0.0,0.0,554.0,580.0,592.0,1328.0,590.0,1034.0,12,19,Suco
88,Nova Caledônia,0.0,0.0,0.0,0.0,0.0,0.0,0.0,0.0,0.0,0.0,0.0,0.0,0.0,0.0,0.0,0.0,0.0,0.0,0.0,0.0,0.0,0.0,0.0,0.0,924.0,1095.0,0.0,0.0,0,0,Suco
89,Nova Zelândia,0.0,0.0,0.0,0.0,0.0,0.0,0.0,0.0,18550.0,46376.0,9275.0,24115.0,9275.0,20405.0,0.0,0.0,0.0,0.0,9275.0,24115.0,0.0,0.0,0.0,0.0,0.0,0.0,791.0,1741.0,6984,17987,Suco
90,Países Baixos,0.0,0.0,0.0,0.0,12575.0,31489.0,30.0,130.0,185500.0,475488.0,0.0,0.0,31.0,38.0,0.0,0.0,90.0,234.0,97.0,130.0,144.0,151.0,84.0,109.0,7194.0,23063.0,793.0,1498.0,36,55,Suco
91,Panamá,0.0,0.0,0.0,0.0,0.0,0.0,0.0,0.0,0.0,0.0,0.0,0.0,450.0,617.0,0.0,0.0,0.0,0.0,534.0,734.0,691.0,801.0,1335.0,1714.0,3376.0,5698.0,5146.0,8912.0,11770,14148,Suco
92,Paquistão,0.0,0.0,0.0,0.0,0.0,0.0,0.0,0.0,0.0,0.0,0.0,0.0,0.0,0.0,0.0,0.0,0.0,0.0,0.0,0.0,0.0,0.0,0.0,0.0,0.0,0.0,0.0,0.0,0,0,Suco
93,Paraguai,11683.0,23404.0,13693.0,27644.0,14707.0,26178.0,52267.0,71708.0,57407.0,106312.0,118336.0,192846.0,170571.0,232486.0,105816.0,157128.0,120644.0,188985.0,128378.0,168205.0,23723.0,24609.0,216654.0,228263.0,233881.0,253691.0,167679.0,196541.0,319087,366822,Suco
94,Peru,7950.0,19478.0,0.0,0.0,11925.0,47343.0,5035.0,18881.0,10755.0,26560.0,10995.0,29702.0,0.0,0.0,0.0,0.0,0.0,0.0,0.0,0.0,0.0,0.0,0.0,0.0,0.0,0.0,38173.0,81563.0,34700,73918,Suco
95,Polônia,0.0,0.0,0.0,0.0,379.0,1708.0,0.0,0.0,0.0,0.0,0.0,0.0,0.0,0.0,0.0,0.0,0.0,0.0,0.0,0.0,0.0,0.0,0.0,0.0,0.0,0.0,0.0,0.0,0,0,Suco
96,Porto Rico,351740.0,803785.0,75860.0,178570.0,74200.0,293092.0,0.0,0.0,0.0,0.0,18550.0,48230.0,0.0,0.0,0.0,0.0,0.0,0.0,0.0,0.0,0.0,0.0,0.0,0.0,24380.0,53636.0,24380.0,53636.0,0,0,Suco
97,Portugal,0.0,0.0,121.0,225.0,0.0,0.0,0.0,0.0,0.0,0.0,0.0,0.0,0.0,0.0,0.0,0.0,0.0,0.0,2082.0,2803.0,24.0,24.0,105284.0,96479.0,222502.0,164783.0,146637.0,133524.0,79062,88208,Suco
98,Quênia,0.0,0.0,0.0,0.0,0.0,0.0,8.0,4.0,0.0,0.0,0.0,0.0,0.0,0.0,0.0,0.0,0.0,0.0,0.0,0.0,0.0,0.0,0.0,0.0,0.0,0.0,0.0,0.0,0,0,Suco
99,Reino Unido,30.0,110.0,0.0,0.0,0.0,0.0,0.0,0.0,0.0,0.0,312.0,1692.0,0.0,0.0,8706.0,16372.0,457.0,929.0,8216.0,15433.0,672.0,1773.0,1464.0,2373.0,8829.0,16213.0,6412.0,13508.0,5290,13668,Suco
100,República Centro Africana,0.0,0.0,0.0,0.0,0.0,0.0,0.0,0.0,0.0,0.0,0.0,0.0,0.0,0.0,0.0,0.0,0.0,0.0,0.0,0.0,0.0,0.0,0.0,0.0,0.0,0.0,0.0,0.0,0,0,Suco
101,República Dominicana,21465.0,60138.0,21431.0,61904.0,38160.0,151549.0,14310.0,54564.0,37365.0,83445.0,25970.0,97634.0,20270.0,65855.0,25970.0,96571.0,44520.0,169620.0,29680.0,113081.0,29680.0,113080.0,14840.0,56540.0,27825.0,84068.0,25440.0,80791.0,25440,78719,Suco
102,República Federativa da Rússia,0.0,0.0,0.0,0.0,0.0,0.0,0.0,0.0,0.0,0.0,0.0,0.0,0.0,0.0,0.0,0.0,0.0,0.0,0.0,0.0,0.0,0.0,0.0,0.0,0.0,0.0,0.0,0.0,0,0,Suco
103,Rússia,0.0,0.0,0.0,0.0,0.0,0.0,0.0,0.0,0.0,0.0,0.0,0.0,0.0,0.0,0.0,0.0,0.0,0.0,0.0,0.0,72.0,83.0,0.0,0.0,0.0,0.0,24.0,37.0,0,0,Suco
104,São Tomé e Príncipe,0.0,0.0,0.0,0.0,0.0,0.0,0.0,0.0,0.0,0.0,0.0,0.0,0.0,0.0,0.0,0.0,120.0,442.0,0.0,0.0,0.0,0.0,0.0,0.0,0.0,0.0,0.0,0.0,0,0,Suco
105,Senegal,0.0,0.0,0.0,0.0,0.0,0.0,0.0,0.0,0.0,0.0,0.0,0.0,0.0,0.0,0.0,0.0,0.0,0.0,0.0,0.0,0.0,0.0,0.0,0.0,0.0,0.0,0.0,0.0,0,0,Suco
106,Serra Leoa,0.0,0.0,0.0,0.0,0.0,0.0,0.0,0.0,0.0,0.0,0.0,0.0,0.0,0.0,0.0,0.0,0.0,0.0,12.0,13.0,0.0,0.0,0.0,0.0,0.0,0.0,0.0,0.0,0,0,Suco
107,Singapura,0.0,0.0,0.0,0.0,0.0,0.0,0.0,0.0,0.0,0.0,0.0,0.0,0.0,0.0,0.0,0.0,0.0,0.0,0.0,0.0,0.0,0.0,3526.0,12989.0,2020.0,3510.0,1449.0,2509.0,1749,3686,Suco
108,Sri Lanka,0.0,0.0,0.0,0.0,0.0,0.0,0.0,0.0,0.0,0.0,0.0,0.0,0.0,0.0,0.0,0.0,0.0,0.0,0.0,0.0,49.0,142.0,0.0,0.0,0.0,0.0,0.0,0.0,0,0,Suco
109,Suécia,0.0,0.0,0.0,0.0,0.0,0.0,0.0,0.0,0.0,0.0,0.0,0.0,0.0,0.0,0.0,0.0,0.0,0.0,0.0,0.0,0.0,0.0,0.0,0.0,0.0,0.0,0.0,0.0,0,0,Suco
110,Suíça,297.0,467.0,119.0,466.0,0.0,0.0,0.0,0.0,0.0,0.0,0.0,0.0,0.0,0.0,0.0,0.0,0.0,0.0,5.0,4.0,0.0,0.0,0.0,0.0,276.0,826.0,144.0,155.0,0,0,Suco
111,Suriname,0.0,0.0,0.0,0.0,41000.0,144320.0,21750.0,78278.0,12250.0,45693.0,25250.0,94184.0,23445.0,85387.0,15000.0,53460.0,19000.0,71250.0,0.0,0.0,3180.0,8586.0,13030.0,31236.0,5300.0,17596.0,2650.0,6758.0,8480,23701,Suco
112,Tailândia,4500.0,12789.0,2400.0,6821.0,0.0,0.0,2700.0,10800.0,3300.0,58383.0,4980.0,19920.0,0.0,0.0,3960.0,33741.0,6720.0,23275.0,96.0,108.0,84.0,82.0,1278.0,5183.0,2.0,4.0,0.0,0.0,24,37,Suco
113,Taiwan (Formosa),0.0,0.0,0.0,0.0,0.0,0.0,0.0,0.0,0.0,0.0,0.0,0.0,0.0,0.0,0.0,0.0,0.0,0.0,1809.0,4834.0,0.0,0.0,58358.0,107799.0,60813.0,122005.0,33375.0,93988.0,54173,132752,Suco
114,Tanzânia,0.0,0.0,0.0,0.0,0.0,0.0,0.0,0.0,0.0,0.0,0.0,0.0,0.0,0.0,0.0,0.0,0.0,0.0,0.0,0.0,0.0,0.0,0.0,0.0,0.0,0.0,0.0,0.0,0,0,Suco
115,"Tcheca, República",0.0,0.0,941.0,3917.0,0.0,0.0,0.0,0.0,120.0,416.0,360.0,1184.0,0.0,0.0,130.0,279.0,194.0,457.0,0.0,0.0,0.0,0.0,0.0,0.0,0.0,0.0,0.0,0.0,0,0,Suco
116,Togo,0.0,0.0,0.0,0.0,0.0,0.0,0.0,0.0,0.0,0.0,0.0,0.0,642.0,489.0,709.0,556.0,0.0,0.0,0.0,0.0,0.0,0.0,0.0,0.0,0.0,0.0,0.0,0.0,0,0,Suco
117,Toquelau,0.0,0.0,0.0,0.0,0.0,0.0,0.0,0.0,0.0,0.0,0.0,0.0,0.0,0.0,0.0,0.0,0.0,0.0,0.0,0.0,0.0,0.0,0.0,0.0,0.0,0.0,0.0,0.0,24,39,Suco
118,Trinidade e Tobago,0.0,0.0,0.0,0.0,18550.0,71232.0,37100.0,137106.0,18550.0,63958.0,37100.0,127997.0,39155.0,132194.0,37610.0,128791.0,18550.0,63977.0,0.0,0.0,0.0,0.0,0.0,0.0,0.0,0.0,0.0,0.0,0,0,Suco
119,Turquia,0.0,0.0,0.0,0.0,0.0,0.0,0.0,0.0,0.0,0.0,0.0,0.0,0.0,0.0,0.0,0.0,0.0,0.0,108.0,100.0,24.0,30.0,48.0,54.0,0.0,0.0,0.0,0.0,230,455,Suco
120,Uruguai,320.0,832.0,160.0,480.0,241.0,905.0,160.0,620.0,0.0,0.0,0.0,0.0,672.0,1416.0,0.0,0.0,0.0,0.0,0.0,0.0,0.0,0.0,0.0,0.0,0.0,0.0,0.0,0.0,0,0,Suco
121,Vanuatu,0.0,0.0,0.0,0.0,0.0,0.0,0.0,0.0,0.0,0.0,0.0,0.0,0.0,0.0,0.0,0.0,0.0,0.0,0.0,0.0,0.0,0.0,0.0,0.0,12.0,8.0,12.0,9.0,0,0,Suco
122,Venezuela,7688.0,15969.0,450.0,1512.0,52680.0,163175.0,53280.0,168408.0,123975.0,376208.0,53333.0,159345.0,17640.0,51709.0,632937.0,2004454.0,0.0,0.0,0.0,0.0,0.0,0.0,240.0,230.0,0.0,0.0,0.0,0.0,30206,47287,Suco
1,Africa do Sul,15300.0,32130.0,0.0,0.0,0.0,0.0,0.0,0.0,0.0,0.0,0.0,0.0,0.0,0.0,0.0,0.0,0.0,0.0,0.0,0.0,8.0,30.0,44.0,152.0,0.0,0.0,0.0,0.0,30,136,Uva
2,"Alemanha, República Democrática",759594.0,1475757.0,713942.0,1437429.0,1167243.0,2430345.0,1021075.0,2064845.0,2457655.0,5316776.0,1649514.0,3524291.0,3277187.0,6532957.0,2384112.0,5161080.0,3353831.0,6730502.0,2870420.0,5833592.0,1863097.0,3480290.0,1371694.0,2791556.0,1461590.0,2569452.0,559012.0,1213303.0,1701887,4101648,Uva
3,Angola,29700.0,110058.0,0.0,0.0,0.0,0.0,350.0,2492.0,0.0,0.0,0.0,0.0,0.0,0.0,0.0,0.0,0.0,0.0,15.0,33.0,75.0,145.0,0.0,0.0,0.0,0.0,0.0,0.0,0,0,Uva
4,Antígua e Barbuda,0.0,0.0,0.0,0.0,0.0,0.0,0.0,0.0,0.0,0.0,0.0,0.0,0.0,0.0,0.0,0.0,0.0,0.0,65.0,164.0,190.0,580.0,304.0,1013.0,437.0,1349.0,253.0,999.0,260,1173,Uva
5,Arabia Saudita,0.0,0.0,0.0,0.0,15300.0,30600.0,0.0,0.0,0.0,0.0,0.0,0.0,61200.0,140760.0,0.0,0.0,0.0,0.0,14725.0,28615.0,167731.0,271231.0,32325.0,95999.0,2818.0,14671.0,12224.0,53675.0,2234,19382,Uva
6,Argélia,0.0,0.0,0.0,0.0,0.0,0.0,0.0,0.0,0.0,0.0,0.0,0.0,0.0,0.0,0.0,0.0,0.0,0.0,20672.0,30968.0,0.0,0.0,0.0,0.0,0.0,0.0,0.0,0.0,0,0,Uva
7,Argentina,414008.0,929225.0,446280.0,1005124.0,264816.0,471205.0,170851.0,298692.0,32640.0,73440.0,0.0,0.0,0.0,0.0,1156368.0,2340897.0,2872152.0,5757072.0,1536650.0,2478547.0,1186878.0,1758528.0,2002784.0,3707550.0,4606314.0,7764448.0,3954281.0,8103640.0,2265038,5234176,Uva
8,Áustria,0.0,0.0,0.0,0.0,0.0,0.0,0.0,0.0,0.0,0.0,0.0,0.0,0.0,0.0,0.0,0.0,0.0,0.0,0.0,0.0,0.0,0.0,0.0,0.0,0.0,0.0,0.0,0.0,20,41,Uva
9,Bahamas,0.0,0.0,0.0,0.0,0.0,0.0,0.0,0.0,0.0,0.0,0.0,0.0,0.0,0.0,0.0,0.0,0.0,0.0,25630.0,52046.0,2869.0,9184.0,3208.0,9449.0,3482.0,10184.0,3035.0,10694.0,4871,19408,Uva
10,Bahrein,0.0,0.0,0.0,0.0,0.0,0.0,0.0,0.0,0.0,0.0,0.0,0.0,0.0,0.0,0.0,0.0,0.0,0.0,0.0,0.0,0.0,0.0,0.0,0.0,0.0,0.0,0.0,0.0,0,0,Uva
11,Bangladesh,0.0,0.0,0.0,0.0,0.0,0.0,0.0,0.0,0.0,0.0,0.0,0.0,0.0,0.0,0.0,0.0,0.0,0.0,0.0,0.0,0.0,0.0,30.0,214.0,17.0,53.0,113.0,319.0,141,402,Uva
12,Barbados,0.0,0.0,0.0,0.0,0.0,0.0,0.0,0.0,0.0,0.0,0.0,0.0,0.0,0.0,0.0,0.0,0.0,0.0,15.0,59.0,110.0,354.0,83.0,197.0,180.0,457.0,163.0,540.0,237,874,Uva
13,Barein,0.0,0.0,0.0,0.0,0.0,0.0,0.0,0.0,0.0,0.0,0.0,0.0,0.0,0.0,0.0,0.0,0.0,0.0,27.0,105.0,958.0,3353.0,250.0,796.0,277.0,937.0,316.0,1159.0,622,2602,Uva
14,Bélgica,1507559.0,3229623.0,1777534.0,4258476.0,122727.0,271655.0,0.0,0.0,0.0,0.0,16848.0,21255.0,88832.0,219060.0,0.0,0.0,0.0,0.0,150493.0,281779.0,176918.0,336252.0,12757.0,24336.0,202.0,664.0,39134.0,95538.0,254,1056,Uva
15,Belize,0.0,0.0,0.0,0.0,0.0,0.0,0.0,0.0,0.0,0.0,0.0,0.0,0.0,0.0,0.0,0.0,0.0,0.0,0.0,0.0,20.0,48.0,20.0,32.0,55.0,92.0,117.0,248.0,52,125,Uva
16,Bermudas,0.0,0.0,0.0,0.0,0.0,0.0,0.0,0.0,0.0,0.0,0.0,0.0,0.0,0.0,0.0,0.0,0.0,0.0,23.0,69.0,228.0,1047.0,390.0,1375.0,96.0,323.0,200.0,761.0,194,821,Uva
17,Bolívia,0.0,0.0,0.0,0.0,0.0,0.0,17.0,96.0,0.0,0.0,0.0,0.0,0.0,0.0,0.0,0.0,0.0,0.0,10.0,97.0,0.0,0.0,92974.0,34914.0,436800.0,250134.0,132736.0,67397.0,261712,151770,Uva
18,Bósnia,0.0,0.0,0.0,0.0,0.0,0.0,0.0,0.0,0.0,0.0,0.0,0.0,0.0,0.0,0.0,0.0,0.0,0.0,0.0,0.0,52.0,67.0,447.0,472.0,0.0,0.0,0.0,0.0,0,0,Uva
19,Brasil,0.0,0.0,0.0,0.0,0.0,0.0,0.0,0.0,0.0,0.0,0.0,0.0,0.0,0.0,0.0,0.0,0.0,0.0,0.0,0.0,18.0,62.0,0.0,0.0,70.0,173.0,109.0,267.0,170,470,Uva
20,Bulgária,0.0,0.0,0.0,0.0,0.0,0.0,0.0,0.0,0.0,0.0,0.0,0.0,0.0,0.0,0.0,0.0,0.0,0.0,0.0,0.0,0.0,0.0,100.0,170.0,0.0,0.0,0.0,0.0,0,0,Uva
21,Burquina Faso,0.0,0.0,0.0,0.0,0.0,0.0,0.0,0.0,0.0,0.0,0.0,0.0,0.0,0.0,0.0,0.0,0.0,0.0,0.0,0.0,10.0,37.0,0.0,0.0,0.0,0.0,0.0,0.0,0,0,Uva
22,Cabo Verde,0.0,0.0,0.0,0.0,0.0,0.0,0.0,0.0,0.0,0.0,0.0,0.0,0.0,0.0,0.0,0.0,0.0,0.0,0.0,0.0,0.0,0.0,0.0,0.0,0.0,0.0,0.0,0.0,0,0,Uva
23,Camarões,0.0,0.0,0.0,0.0,0.0,0.0,0.0,0.0,0.0,0.0,0.0,0.0,0.0,0.0,0.0,0.0,0.0,0.0,0.0,0.0,0.0,0.0,0.0,0.0,0.0,0.0,50.0,149.0,10,66,Uva
24,Camores,0.0,0.0,0.0,0.0,0.0,0.0,0.0,0.0,0.0,0.0,0.0,0.0,0.0,0.0,0.0,0.0,0.0,0.0,0.0,0.0,20.0,75.0,10.0,34.0,0.0,0.0,0.0,0.0,0,0,Uva
25,Canadá,688878.0,2324716.0,716985.0,1912515.0,834800.0,2251696.0,751591.0,2143723.0,725927.0,1858772.0,292980.0,761641.0,239200.0,582653.0,110752.0,287454.0,12983.0,74228.0,36798.0,171155.0,24565.0,220025.0,86635.0,457420.0,321755.0,1233545.0,383543.0,1497880.0,1175975,3667725,Uva
26,Catar,0.0,0.0,0.0,0.0,0.0,0.0,0.0,0.0,0.0,0.0,0.0,0.0,0.0,0.0,0.0,0.0,0.0,0.0,1100.0,4932.0,81.0,298.0,336.0,432.0,5615.0,13665.0,28.0,75.0,2210,6616,Uva
27,"Cayman, Ilhas",0.0,0.0,0.0,0.0,0.0,0.0,0.0,0.0,0.0,0.0,0.0,0.0,0.0,0.0,0.0,0.0,0.0,0.0,61.0,140.0,216.0,638.0,341.0,1130.0,372.0,1121.0,277.0,1145.0,278,1007,Uva
28,Chile,0.0,0.0,0.0,0.0,0.0,0.0,0.0,0.0,0.0,0.0,0.0,0.0,0.0,0.0,14.0,25963.0,0.0,0.0,25.0,81.0,189.0,457.0,266.0,826.0,109.0,376.0,31.0,125.0,10,38,Uva
29,China,0.0,0.0,0.0,0.0,0.0,0.0,0.0,0.0,0.0,0.0,0.0,0.0,0.0,0.0,0.0,0.0,0.0,0.0,418.0,1132.0,1113.0,3171.0,1197.0,3370.0,1744.0,8882.0,945.0,2708.0,1210,5500,Uva
30,Chipre,0.0,0.0,0.0,0.0,0.0,0.0,0.0,0.0,0.0,0.0,0.0,0.0,0.0,0.0,0.0,0.0,0.0,0.0,414.0,1005.0,2173.0,6326.0,3407.0,8717.0,2590.0,6609.0,1867.0,4345.0,1633,5538,Uva
31,Cingapura,0.0,0.0,0.0,0.0,0.0,0.0,0.0,0.0,0.0,0.0,0.0,0.0,0.0,0.0,0.0,0.0,0.0,0.0,1705.0,5375.0,7081.0,23803.0,6933.0,29402.0,0.0,0.0,0.0,0.0,0,0,Uva
32,"Cocos (Keeling), Ilhas",0.0,0.0,0.0,0.0,0.0,0.0,0.0,0.0,0.0,0.0,0.0,0.0,0.0,0.0,0.0,0.0,0.0,0.0,0.0,0.0,0.0,0.0,0.0,0.0,0.0,0.0,32.0,55.0,0,0,Uva
33,"Cook, Ilhas",,,,,,,,,,,,,,,,,,,,,,,,,,,,,116,839,Uva
34,Colômbia,0.0,0.0,0.0,0.0,0.0,0.0,0.0,0.0,0.0,0.0,0.0,0.0,0.0,0.0,0.0,0.0,0.0,0.0,0.0,0.0,0.0,0.0,15.0,45.0,10.0,30.0,13.0,32.0,0,0,Uva
35,Congo,0.0,0.0,0.0,0.0,0.0,0.0,0.0,0.0,0.0,0.0,0.0,0.0,0.0,0.0,0.0,0.0,0.0,0.0,0.0,0.0,0.0,0.0,0.0,0.0,20.0,54.0,0.0,0.0,0,0,Uva
36,Coreia do Norte,0.0,0.0,0.0,0.0,0.0,0.0,0.0,0.0,0.0,0.0,0.0,0.0,0.0,0.0,0.0,0.0,0.0,0.0,0.0,0.0,0.0,0.0,30.0,119.0,0.0,0.0,0.0,0.0,0,0,Uva
37,Coreia do Sul,0.0,0.0,0.0,0.0,0.0,0.0,0.0,0.0,0.0,0.0,0.0,0.0,0.0,0.0,0.0,0.0,0.0,0.0,54.0,154.0,270.0,620.0,226.0,517.0,245.0,610.0,142.0,381.0,366,1376,Uva
38,Costa do Marfim,0.0,0.0,0.0,0.0,0.0,0.0,0.0,0.0,0.0,0.0,0.0,0.0,0.0,0.0,0.0,0.0,0.0,0.0,0.0,0.0,16.0,34.0,0.0,0.0,0.0,0.0,0.0,0.0,0,0,Uva
39,Coveite,0.0,0.0,0.0,0.0,0.0,0.0,0.0,0.0,8.0,28.0,0.0,0.0,0.0,0.0,0.0,0.0,0.0,0.0,0.0,0.0,0.0,0.0,1572.0,3000.0,20023.0,69921.0,7252.0,33694.0,3725,22339,Uva
40,Croácia,0.0,0.0,0.0,0.0,0.0,0.0,0.0,0.0,0.0,0.0,0.0,0.0,0.0,0.0,0.0,0.0,0.0,0.0,0.0,0.0,0.0,0.0,16.0,104.0,10.0,25.0,20.0,28.0,5,12,Uva
41,Curaçao,0.0,0.0,0.0,0.0,0.0,0.0,0.0,0.0,0.0,0.0,0.0,0.0,0.0,0.0,0.0,0.0,0.0,0.0,0.0,0.0,0.0,0.0,0.0,0.0,10.0,16.0,0.0,0.0,0,0,Uva
42,Dinamarca,251800.0,692757.0,364955.0,928499.0,12480.0,34597.0,12480.0,40211.0,111100.0,298900.0,97760.0,272459.0,118565.0,289554.0,12000.0,29594.0,0.0,0.0,102775.0,192891.0,56095.0,130520.0,62450.0,135756.0,109922.0,179960.0,26792.0,50928.0,115901,264623,Uva
43,Djibuti,0.0,0.0,0.0,0.0,0.0,0.0,0.0,0.0,0.0,0.0,0.0,0.0,0.0,0.0,0.0,0.0,0.0,0.0,0.0,0.0,0.0,0.0,25.0,41.0,0.0,0.0,0.0,0.0,0,0,Uva
44,Egito,0.0,0.0,0.0,0.0,0.0,0.0,0.0,0.0,0.0,0.0,0.0,0.0,0.0,0.0,0.0,0.0,0.0,0.0,10.0,40.0,20.0,97.0,0.0,0.0,10.0,36.0,0.0,0.0,50,153,Uva
45,Emirados Árabes Unidos,16728.0,33861.0,80784.0,154936.0,50184.0,109956.0,65280.0,133946.0,233100.0,545937.0,918000.0,2560696.0,1341949.0,3423418.0,1648528.0,4118900.0,1645205.0,4252353.0,365615.0,899131.0,240422.0,697259.0,220576.0,630862.0,99808.0,368528.0,116384.0,401362.0,177198,672359,Uva
46,Eslovênia,0.0,0.0,0.0,0.0,0.0,0.0,0.0,0.0,0.0,0.0,0.0,0.0,0.0,0.0,0.0,0.0,0.0,0.0,10.0,30.0,0.0,0.0,10.0,29.0,0.0,0.0,0.0,0.0,0,0,Uva
47,Espanha,0.0,0.0,127930.0,252454.0,12480.0,33723.0,0.0,0.0,0.0,0.0,0.0,0.0,0.0,0.0,14400.0,36070.0,28872.0,51966.0,494802.0,997622.0,1094483.0,2089713.0,1743131.0,3842045.0,4554938.0,8685655.0,3504580.0,6022297.0,4177500,7656023,Uva
48,Estados Unidos,12444690.0,22745590.0,13128195.0,28928695.0,16251053.0,37440295.0,8825628.0,19162062.0,2666978.0,5673245.0,61300.0,175546.0,500450.0,1643930.0,425988.0,1321045.0,1820656.0,5180800.0,2682088.0,8288437.0,6117999.0,16239149.0,7879841.0,22376155.0,13610118.0,36523636.0,9634362.0,26805893.0,19529155,58146305,Uva
49,Falkland (Ilhas Malvinas),0.0,0.0,14.0,63.0,0.0,0.0,0.0,0.0,0.0,0.0,0.0,0.0,0.0,0.0,0.0,0.0,0.0,0.0,31.0,93.0,20.0,69.0,15.0,100.0,20.0,24.0,60.0,61.0,0,0,Uva
50,"Faroé, Ilhas",0.0,0.0,0.0,0.0,0.0,0.0,0.0,0.0,0.0,0.0,0.0,0.0,0.0,0.0,0.0,0.0,0.0,0.0,0.0,0.0,0.0,0.0,25.0,98.0,0.0,0.0,0.0,0.0,0,0,Uva
51,Filipinas,0.0,0.0,15909.0,22258.0,0.0,0.0,0.0,0.0,0.0,0.0,0.0,0.0,0.0,0.0,0.0,0.0,0.0,0.0,114.0,311.0,594.0,1849.0,441.0,1135.0,317.0,815.0,137.0,455.0,171,530,Uva
52,Finlândia,58825.0,161700.0,36500.0,120256.0,0.0,0.0,109278.0,445626.0,304120.0,971821.0,152500.0,386650.0,123500.0,253387.0,24000.0,65352.0,111720.0,202785.0,0.0,0.0,0.0,0.0,0.0,0.0,12480.0,23143.0,0.0,0.0,1,21,Uva
53,França,0.0,0.0,0.0,0.0,0.0,0.0,0.0,0.0,0.0,0.0,0.0,0.0,0.0,0.0,0.0,0.0,63.0,16.0,816.0,6549.0,3091.0,12062.0,1419.0,11552.0,367.0,1342.0,200.0,892.0,428,2040,Uva
54,Gabão,0.0,0.0,0.0,0.0,0.0,0.0,0.0,0.0,0.0,0.0,0.0,0.0,0.0,0.0,0.0,0.0,0.0,0.0,0.0,0.0,0.0,0.0,0.0,0.0,0.0,0.0,20.0,53.0,83,316,Uva
55,Gana,0.0,0.0,0.0,0.0,0.0,0.0,0.0,0.0,0.0,0.0,0.0,0.0,0.0,0.0,0.0,0.0,0.0,0.0,0.0,0.0,0.0,0.0,0.0,0.0,100.0,280.0,0.0,0.0,0,0,Uva
56,Georgia,0.0,0.0,0.0,0.0,0.0,0.0,0.0,0.0,0.0,0.0,0.0,0.0,0.0,0.0,0.0,0.0,0.0,0.0,0.0,0.0,26928.0,56010.0,0.0,0.0,0.0,0.0,0.0,0.0,0,0,Uva
57,Gibraltar,0.0,0.0,0.0,0.0,0.0,0.0,0.0,0.0,0.0,0.0,0.0,0.0,0.0,0.0,0.0,0.0,0.0,0.0,69.0,175.0,231.0,755.0,243.0,709.0,198.0,356.0,125.0,480.0,114,472,Uva
58,Grécia,0.0,0.0,0.0,0.0,0.0,0.0,0.0,0.0,0.0,0.0,0.0,0.0,0.0,0.0,0.0,0.0,0.0,0.0,1456.0,3566.0,2650.0,7171.0,2802.0,6767.0,4029.0,9972.0,2536.0,6949.0,3036,9131,Uva
59,Guadalupe,0.0,0.0,0.0,0.0,0.0,0.0,0.0,0.0,0.0,0.0,0.0,0.0,0.0,0.0,0.0,0.0,0.0,0.0,0.0,0.0,0.0,0.0,0.0,0.0,0.0,0.0,0.0,0.0,0,0,Uva
60,Guiana,0.0,0.0,0.0,0.0,0.0,0.0,0.0,0.0,0.0,0.0,0.0,0.0,0.0,0.0,0.0,0.0,0.0,0.0,0.0,0.0,0.0,0.0,1432.0,3754.0,3116.0,7631.0,3902.0,12934.0,4999,17249,Uva
61,Guiana Francesa,0.0,0.0,0.0,0.0,0.0,0.0,0.0,0.0,0.0,0.0,0.0,0.0,0.0,0.0,0.0,0.0,0.0,0.0,64.0,362.0,0.0,0.0,0.0,0.0,0.0,0.0,0.0,0.0,705,3500,Uva
62,Guine Equatorial,30.0,97.0,143.0,496.0,0.0,0.0,80.0,598.0,2912.0,14609.0,4000.0,23363.0,0.0,0.0,0.0,0.0,0.0,0.0,0.0,0.0,0.0,0.0,0.0,0.0,0.0,0.0,0.0,0.0,0,0,Uva
63,Honduras,0.0,0.0,0.0,0.0,0.0,0.0,0.0,0.0,0.0,0.0,0.0,0.0,0.0,0.0,0.0,0.0,0.0,0.0,0.0,0.0,0.0,0.0,0.0,0.0,10.0,33.0,0.0,0.0,0,0,Uva
64,Hong Kong,0.0,0.0,0.0,0.0,0.0,0.0,0.0,0.0,0.0,0.0,0.0,0.0,0.0,0.0,0.0,0.0,0.0,0.0,1105.0,3283.0,18566.0,118440.0,19362.0,198977.0,27507.0,116504.0,11130.0,81767.0,27717,136684,Uva
65,Ilha de Man,0.0,0.0,0.0,0.0,0.0,0.0,0.0,0.0,0.0,0.0,0.0,0.0,0.0,0.0,0.0,0.0,0.0,0.0,48.0,116.0,150.0,440.0,136.0,411.0,230.0,805.0,124.0,459.0,311,1282,Uva
66,Ilhas Virgens,0.0,0.0,0.0,0.0,0.0,0.0,0.0,0.0,0.0,0.0,0.0,0.0,0.0,0.0,0.0,0.0,0.0,0.0,0.0,0.0,0.0,0.0,0.0,0.0,0.0,0.0,0.0,0.0,0,0,Uva
67,Índia,0.0,0.0,0.0,0.0,0.0,0.0,0.0,0.0,0.0,0.0,0.0,0.0,0.0,0.0,0.0,0.0,0.0,0.0,341.0,684.0,560.0,1634.0,502.0,1167.0,423.0,1020.0,548.0,1576.0,510,1781,Uva
68,Indonésia,0.0,0.0,0.0,0.0,0.0,0.0,0.0,0.0,0.0,0.0,0.0,0.0,0.0,0.0,0.0,0.0,0.0,0.0,0.0,0.0,0.0,0.0,13.0,40.0,0.0,0.0,40.0,103.0,0,0,Uva
69,Irã,0.0,0.0,0.0,0.0,0.0,0.0,0.0,0.0,0.0,0.0,0.0,0.0,0.0,0.0,0.0,0.0,0.0,0.0,0.0,0.0,509.0,1013.0,218.0,531.0,230.0,481.0,70.0,182.0,0,0,Uva
70,Irlanda,628605.0,2110422.0,220120.0,653560.0,88760.0,135771.0,61300.0,56563.0,80500.0,98900.0,0.0,0.0,0.0,0.0,162885.0,433477.0,199402.0,565158.0,143330.0,243068.0,514814.0,1113084.0,805090.0,1768519.0,1493198.0,3331821.0,1412302.0,3175487.0,629421,1732292,Uva
71,Islândia,0.0,0.0,0.0,0.0,0.0,0.0,0.0,0.0,0.0,0.0,0.0,0.0,0.0,0.0,12000.0,36321.0,0.0,0.0,13000.0,20725.0,0.0,0.0,40.0,61.0,0.0,0.0,0.0,0.0,0,0,Uva
72,Itália,103500.0,399731.0,115000.0,381261.0,115000.0,315501.0,118705.0,383214.0,48000.0,144696.0,0.0,0.0,0.0,0.0,0.0,0.0,0.0,0.0,28.0,94.0,154.0,387.0,118.0,301.0,10095.0,22820.0,269.0,984.0,29040,96548,Uva
73,Japão,0.0,0.0,0.0,0.0,0.0,0.0,0.0,0.0,0.0,0.0,0.0,0.0,0.0,0.0,0.0,0.0,0.0,0.0,239.0,840.0,721.0,2182.0,779.0,2157.0,476.0,1376.0,377.0,1270.0,393,1413,Uva
74,Jérsei,0.0,0.0,0.0,0.0,0.0,0.0,0.0,0.0,0.0,0.0,0.0,0.0,0.0,0.0,0.0,0.0,0.0,0.0,0.0,0.0,24.0,58.0,0.0,0.0,0.0,0.0,0.0,0.0,0,0,Uva
75,Jordânia,0.0,0.0,0.0,0.0,0.0,0.0,0.0,0.0,0.0,0.0,0.0,0.0,0.0,0.0,0.0,0.0,0.0,0.0,0.0,0.0,265.0,171.0,31.0,75.0,0.0,0.0,40.0,116.0,0,0,Uva
76,Letônia,0.0,0.0,32400.0,86769.0,0.0,0.0,0.0,0.0,0.0,0.0,0.0,0.0,0.0,0.0,0.0,0.0,0.0,0.0,0.0,0.0,30.0,55.0,40.0,102.0,0.0,0.0,20.0,84.0,44,92,Uva
77,Líbano,0.0,0.0,0.0,0.0,0.0,0.0,0.0,0.0,0.0,0.0,0.0,0.0,0.0,0.0,0.0,0.0,0.0,0.0,0.0,0.0,85.0,177.0,33.0,119.0,25.0,65.0,0.0,0.0,147,514,Uva
78,Libéria,0.0,0.0,0.0,0.0,0.0,0.0,0.0,0.0,0.0,0.0,0.0,0.0,0.0,0.0,0.0,0.0,0.0,0.0,1297.0,4183.0,9242.0,29430.0,10238.0,30285.0,10468.0,33255.0,10296.0,36932.0,13876,55239,Uva
79,Líbia,0.0,0.0,0.0,0.0,0.0,0.0,0.0,0.0,0.0,0.0,0.0,0.0,0.0,0.0,0.0,0.0,0.0,0.0,0.0,0.0,20.0,44.0,20.0,55.0,0.0,0.0,0.0,0.0,5,32,Uva
80,Lituânia,45900.0,147364.0,140380.0,340302.0,114350.0,245434.0,111944.0,302874.0,119288.0,263523.0,255411.0,534737.0,133236.0,208166.0,0.0,0.0,0.0,0.0,0.0,0.0,0.0,0.0,0.0,0.0,15150.0,27340.0,30168.0,65259.0,46041,117335,Uva
81,Luxemburgo,0.0,0.0,0.0,0.0,0.0,0.0,4320.0,15993.0,0.0,0.0,0.0,0.0,0.0,0.0,0.0,0.0,1416.0,2074.0,0.0,0.0,7.0,19.0,0.0,0.0,0.0,0.0,53.0,242.0,24,123,Uva
82,Macedônia,,,,,,,,,,,,,,,,,,,,,,,,,,,,,10,42,Uva
83,Malásia,0.0,0.0,0.0,0.0,0.0,0.0,0.0,0.0,0.0,0.0,0.0,0.0,0.0,0.0,0.0,0.0,0.0,0.0,30.0,101.0,20.0,58.0,2065.0,30729.0,1159.0,13671.0,70.0,276.0,74,335,Uva
84,Malta,0.0,0.0,0.0,0.0,0.0,0.0,0.0,0.0,0.0,0.0,0.0,0.0,0.0,0.0,0.0,0.0,0.0,0.0,689.0,1720.0,4094.0,11635.0,4282.0,11606.0,5445.0,15854.0,3766.0,13755.0,5282,21528,Uva
85,Marrocos,0.0,0.0,0.0,0.0,0.0,0.0,0.0,0.0,0.0,0.0,0.0,0.0,0.0,0.0,0.0,0.0,0.0,0.0,0.0,0.0,0.0,0.0,8.0,22.0,10.0,34.0,20.0,66.0,0,0,Uva
86,"Marshall, Ilhas",0.0,0.0,0.0,0.0,0.0,0.0,0.0,0.0,0.0,0.0,0.0,0.0,0.0,0.0,0.0,0.0,0.0,0.0,1430.0,4184.0,9668.0,30841.0,13769.0,41407.0,12996.0,40008.0,14389.0,50525.0,14858,59743,Uva
87,Martinica,0.0,0.0,0.0,0.0,0.0,0.0,0.0,0.0,0.0,0.0,0.0,0.0,0.0,0.0,0.0,0.0,0.0,0.0,0.0,0.0,0.0,0.0,0.0,0.0,0.0,0.0,0.0,0.0,5,37,Uva
88,Mauricio,0.0,0.0,0.0,0.0,0.0,0.0,0.0,0.0,0.0,0.0,0.0,0.0,0.0,0.0,0.0,0.0,0.0,0.0,0.0,0.0,0.0,0.0,0.0,0.0,0.0,0.0,0.0,0.0,0,0,Uva
89,Mauritânia,0.0,0.0,0.0,0.0,0.0,0.0,0.0,0.0,0.0,0.0,0.0,0.0,0.0,0.0,0.0,0.0,0.0,0.0,0.0,0.0,0.0,0.0,0.0,0.0,16.0,63.0,0.0,0.0,0,0,Uva
90,Mexico,0.0,0.0,0.0,0.0,0.0,0.0,0.0,0.0,0.0,0.0,0.0,0.0,0.0,0.0,0.0,0.0,0.0,0.0,0.0,0.0,0.0,0.0,0.0,0.0,0.0,0.0,0.0,0.0,30,78,Uva
91,Mônaco,0.0,0.0,0.0,0.0,0.0,0.0,0.0,0.0,0.0,0.0,0.0,0.0,0.0,0.0,0.0,0.0,0.0,0.0,0.0,0.0,20.0,29.0,20.0,59.0,0.0,0.0,0.0,0.0,0,0,Uva
92,Mongólia,0.0,0.0,0.0,0.0,0.0,0.0,0.0,0.0,0.0,0.0,0.0,0.0,0.0,0.0,0.0,0.0,0.0,0.0,0.0,0.0,0.0,0.0,10.0,15.0,0.0,0.0,0.0,0.0,0,0,Uva
93,Montenegro,0.0,0.0,0.0,0.0,0.0,0.0,0.0,0.0,0.0,0.0,0.0,0.0,0.0,0.0,0.0,0.0,0.0,0.0,0.0,0.0,0.0,0.0,40.0,147.0,33.0,109.0,0.0,0.0,0,0,Uva
94,Nigéria,0.0,0.0,0.0,0.0,0.0,0.0,0.0,0.0,0.0,0.0,0.0,0.0,61200.0,82620.0,0.0,0.0,0.0,0.0,0.0,0.0,0.0,0.0,0.0,0.0,0.0,0.0,0.0,0.0,0,0,Uva
95,Noruega,1406774.0,4007602.0,1016725.0,2766991.0,963990.0,2631452.0,1273703.0,3748091.0,1213647.0,3776488.0,918992.0,2423945.0,604000.0,1490491.0,661500.0,1603529.0,518000.0,1309866.0,168732.0,381452.0,277423.0,638830.0,183232.0,572588.0,255034.0,631068.0,381020.0,594883.0,464880,1524584,Uva
96,Omã,0.0,0.0,0.0,0.0,0.0,0.0,0.0,0.0,0.0,0.0,0.0,0.0,0.0,0.0,0.0,0.0,0.0,0.0,0.0,0.0,60.0,193.0,43.0,234.0,0.0,0.0,100.0,311.0,0,0,Uva
97,Países Baixos,22662669.0,44184938.0,26149217.0,58803505.0,25334471.0,56063878.0,26638825.0,61694552.0,20822086.0,48735513.0,14927182.0,33260983.0,17860220.0,34025630.0,16136676.0,32374970.0,24328153.0,50499751.0,22330171.0,46725512.0,19526035.0,36061578.0,20360309.0,40052845.0,32469515.0,59035980.0,18874963.0,36345317.0,26855736,62427840,Uva
98,Palau,,,,,,,,,,,,,,,,,,,,,,,,,,,,,115,307,Uva
99,Panamá,0.0,0.0,0.0,0.0,0.0,0.0,0.0,0.0,0.0,0.0,0.0,0.0,0.0,0.0,0.0,0.0,0.0,0.0,1675.0,5358.0,8349.0,25288.0,10170.0,25834.0,10378.0,29282.0,10006.0,34309.0,15613,58337,Uva
100,Paquistão,0.0,0.0,0.0,0.0,0.0,0.0,0.0,0.0,0.0,0.0,0.0,0.0,0.0,0.0,0.0,0.0,0.0,0.0,0.0,0.0,0.0,0.0,0.0,0.0,48.0,108.0,50.0,206.0,0,0,Uva
101,Paraguai,0.0,0.0,577.0,1035.0,0.0,0.0,2005.0,4205.0,0.0,0.0,0.0,0.0,0.0,0.0,0.0,0.0,0.0,0.0,0.0,0.0,0.0,0.0,3750.0,2881.0,450.0,104.0,0.0,0.0,0,0,Uva
102,Pitcairn,,,,,,,,,,,,,,,,,,,,,,,,,,,,,17,68,Uva
103,Polônia,0.0,0.0,0.0,0.0,0.0,0.0,0.0,0.0,0.0,0.0,0.0,0.0,0.0,0.0,0.0,0.0,0.0,0.0,0.0,0.0,20.0,53.0,4.0,7.0,162.0,445.0,20.0,50.0,66,124,Uva
104,Porto Rico,0.0,0.0,0.0,0.0,0.0,0.0,0.0,0.0,0.0,0.0,0.0,0.0,0.0,0.0,0.0,0.0,0.0,0.0,0.0,0.0,0.0,0.0,0.0,0.0,0.0,0.0,0.0,0.0,0,0,Uva
105,Portugal,0.0,0.0,0.0,0.0,18.0,28.0,0.0,0.0,10.0,11.0,0.0,0.0,0.0,0.0,0.0,0.0,13155.0,21707.0,205.0,676.0,945.0,3146.0,15803.0,26426.0,1525.0,4961.0,1943.0,7713.0,14824,45165,Uva
106,Quirguistão,,,,,,,,,,,,,,,,,,,,,,,,,,,,,20,121,Uva
107,Reino Unido,13299002.0,27473174.0,15023635.0,32927215.0,13266351.0,31910142.0,12426198.0,30179689.0,13294489.0,32153501.0,8957593.0,22621039.0,9569389.0,22726525.0,7619756.0,16444532.0,9034528.0,20326592.0,8558646.0,20872314.0,13501346.0,29677591.0,13978476.0,31486021.0,16631939.0,37513697.0,0.0,0.0,15358148,37383249,Uva
108,Republica Dominicana,0.0,0.0,0.0,0.0,0.0,0.0,0.0,0.0,0.0,0.0,0.0,0.0,0.0,0.0,0.0,0.0,0.0,0.0,0.0,0.0,0.0,0.0,0.0,0.0,0.0,0.0,0.0,0.0,0,0,Uva
109,Romênia,0.0,0.0,0.0,0.0,0.0,0.0,0.0,0.0,0.0,0.0,0.0,0.0,0.0,0.0,0.0,0.0,0.0,0.0,40.0,172.0,0.0,0.0,0.0,0.0,0.0,0.0,13194790.0,28569636.0,0,0,Uva
110,"Rússia,  Federação da",31488.0,70848.0,301102.0,758660.0,501930.0,893448.0,45320.0,104620.0,61440.0,176640.0,66912.0,150552.0,208715.0,335657.0,0.0,0.0,199140.0,477800.0,80.0,454.0,48084.0,101082.0,216906.0,472154.0,283727.0,662540.0,14440.0,32576.0,0,0,Uva
111,Samoa Americana,0.0,0.0,0.0,0.0,0.0,0.0,0.0,0.0,0.0,0.0,0.0,0.0,0.0,0.0,0.0,0.0,0.0,0.0,0.0,0.0,0.0,0.0,0.0,0.0,0.0,0.0,8.0,18.0,0,0,Uva
112,São Cristóvão e Névis,,,,,,,,,,,,,,,,,,,,,,,,,,,,,36,152,Uva
113,São Tomé e Príncipe,0.0,0.0,0.0,0.0,0.0,0.0,0.0,0.0,0.0,0.0,0.0,0.0,0.0,0.0,0.0,0.0,0.0,0.0,0.0,0.0,0.0,0.0,0.0,0.0,0.0,0.0,0.0,0.0,0,0,Uva
114,São Vicente e Granadinas,0.0,0.0,0.0,0.0,0.0,0.0,0.0,0.0,0.0,0.0,0.0,0.0,0.0,0.0,0.0,0.0,0.0,0.0,0.0,0.0,0.0,0.0,20.0,69.0,19.0,78.0,53.0,163.0,20,83,Uva
115,Serra Leoa,0.0,0.0,0.0,0.0,0.0,0.0,0.0,0.0,0.0,0.0,0.0,0.0,0.0,0.0,0.0,0.0,0.0,0.0,0.0,0.0,0.0,0.0,0.0,0.0,0.0,0.0,1.0,4.0,2,5,Uva
116,Senegal,0.0,0.0,0.0,0.0,0.0,0.0,0.0,0.0,0.0,0.0,0.0,0.0,0.0,0.0,0.0,0.0,0.0,0.0,0.0,0.0,0.0,0.0,0.0,0.0,10.0,30.0,0.0,0.0,0,0,Uva
117,Singapura,0.0,0.0,0.0,0.0,0.0,0.0,0.0,0.0,0.0,0.0,0.0,0.0,0.0,0.0,0.0,0.0,0.0,0.0,0.0,0.0,0.0,0.0,0.0,0.0,18086.0,139714.0,16664.0,140893.0,15407,100508,Uva
118,Sri Lanka,0.0,0.0,0.0,0.0,0.0,0.0,0.0,0.0,0.0,0.0,0.0,0.0,0.0,0.0,0.0,0.0,0.0,0.0,0.0,0.0,32.0,80.0,0.0,0.0,0.0,0.0,0.0,0.0,20,30,Uva
119,Suécia,161000.0,380804.0,368010.0,859539.0,240313.0,422429.0,364265.0,1076257.0,957936.0,2773969.0,0.0,0.0,89000.0,174394.0,357380.0,772718.0,249805.0,501518.0,101350.0,211213.0,72036.0,156611.0,50.0,163.0,30.0,110.0,13.0,45.0,0,0,Uva
120,Suíça,0.0,0.0,0.0,0.0,0.0,0.0,0.0,0.0,0.0,0.0,0.0,0.0,0.0,0.0,0.0,0.0,0.0,0.0,1022.0,8624.0,472.0,3661.0,2209.0,20998.0,3331.0,33507.0,2604.0,32752.0,3632,53106,Uva
121,Suriname,0.0,0.0,0.0,0.0,0.0,0.0,0.0,0.0,0.0,0.0,0.0,0.0,0.0,0.0,0.0,0.0,0.0,0.0,0.0,0.0,0.0,0.0,0.0,0.0,25.0,62.0,0.0,0.0,0,0,Uva
122,Tailândia,0.0,0.0,0.0,0.0,0.0,0.0,0.0,0.0,0.0,0.0,0.0,0.0,0.0,0.0,0.0,0.0,0.0,0.0,113.0,495.0,879.0,3629.0,762.0,3001.0,746.0,2781.0,811.0,3426.0,794,3413,Uva
123,Taiwan,0.0,0.0,0.0,0.0,0.0,0.0,0.0,0.0,0.0,0.0,0.0,0.0,0.0,0.0,0.0,0.0,0.0,0.0,39.0,115.0,0.0,0.0,90.0,242.0,72.0,280.0,40.0,123.0,83,293,Uva
124,Tanzânia,,,,,,,,,,,,,,,,,,,,,,,,,,,,,19,76,Uva
125,Togo,0.0,0.0,0.0,0.0,0.0,0.0,0.0,0.0,0.0,0.0,0.0,0.0,0.0,0.0,0.0,0.0,0.0,0.0,0.0,0.0,13.0,52.0,0.0,0.0,0.0,0.0,0.0,0.0,0,0,Uva
126,Trindade e Tobago,0.0,0.0,0.0,0.0,0.0,0.0,0.0,0.0,0.0,0.0,0.0,0.0,0.0,0.0,0.0,0.0,0.0,0.0,0.0,0.0,0.0,0.0,0.0,0.0,0.0,0.0,0.0,0.0,0,0,Uva
127,"Turcas e Caicos, ilhas",0.0,0.0,0.0,0.0,0.0,0.0,0.0,0.0,0.0,0.0,0.0,0.0,0.0,0.0,0.0,0.0,0.0,0.0,0.0,0.0,10.0,23.0,18.0,51.0,0.0,0.0,0.0,0.0,0,0,Uva
128,Turquia,0.0,0.0,0.0,0.0,0.0,0.0,0.0,0.0,0.0,0.0,0.0,0.0,0.0,0.0,0.0,0.0,0.0,0.0,126.0,440.0,485.0,1399.0,353.0,868.0,662.0,1677.0,194.0,642.0,334,976,Uva
129,Tuvalu,0.0,0.0,0.0,0.0,0.0,0.0,0.0,0.0,0.0,0.0,0.0,0.0,0.0,0.0,0.0,0.0,0.0,0.0,1.0,3.0,6.0,23.0,0.0,0.0,0.0,0.0,0.0,0.0,0,0,Uva
130,Uruguai,33634.0,64060.0,28848.0,48768.0,35216.0,90702.0,14864.0,39923.0,48720.0,117918.0,28960.0,73671.0,108040.0,177749.0,86816.0,203228.0,104368.0,253089.0,187316.0,301600.0,81440.0,98329.0,68196.0,58419.0,95722.0,155667.0,194634.0,336671.0,281594,547227,Uva
131,Vanuatu,0.0,0.0,0.0,0.0,0.0,0.0,0.0,0.0,0.0,0.0,0.0,0.0,0.0,0.0,0.0,0.0,0.0,0.0,0.0,0.0,0.0,0.0,26.0,73.0,73.0,133.0,80.0,244.0,31,88,Uva
132,Venezuela,0.0,0.0,0.0,0.0,0.0,0.0,0.0,0.0,0.0,0.0,0.0,0.0,0.0,0.0,0.0,0.0,0.0,0.0,0.0,0.0,0.0,0.0,0.0,0.0,0.0,0.0,0.0,0.0,0,0,Uva
133,Vietnã,0.0,0.0,0.0,0.0,0.0,0.0,0.0,0.0,0.0,0.0,0.0,0.0,0.0,0.0,0.0,0.0,0.0,0.0,10.0,51.0,0.0,0.0,18.0,49.0,100.0,271.0,60.0,260.0,63,177,Uva
134,Provisão de Navios e Aeronaves,0.0,0.0,0.0,0.0,0.0,0.0,0.0,0.0,0.0,0.0,0.0,0.0,0.0,0.0,0.0,0.0,0.0,0.0,30.0,55.0,0.0,0.0,0.0,0.0,0.0,0.0,0.0,0.0,0,0,Uva
1,Afeganistão,0.0,0.0,0.0,0.0,0.0,0.0,0.0,0.0,0.0,0.0,0.0,0.0,0.0,0.0,0.0,0.0,0.0,0.0,0.0,0.0,0.0,0.0,0.0,0.0,11.0,46.0,0.0,0.0,0,0,Vinho
2,África do Sul,0.0,0.0,0.0,0.0,0.0,0.0,0.0,0.0,0.0,0.0,0.0,0.0,0.0,0.0,0.0,0.0,0.0,0.0,0.0,0.0,26.0,95.0,4.0,21.0,0.0,0.0,0.0,0.0,117,698,Vinho
3,"Alemanha, República Democrática",225086.0,393482.0,27715.0,138666.0,36070.0,144150.0,8189.0,56342.0,61699.0,265978.0,213348.0,761653.0,10680.0,44780.0,14012.0,68109.0,15467.0,87702.0,10794.0,45382.0,3660.0,25467.0,6261.0,32605.0,2698.0,6741.0,7630.0,45367.0,4806,31853,Vinho
4,Angola,54786.0,84235.0,33557.0,189891.0,13889.0,69001.0,2833.0,8861.0,1573.0,9300.0,12182.0,23124.0,1908.0,17089.0,7359.0,35390.0,10170.0,61680.0,477.0,709.0,345.0,1065.0,0.0,0.0,0.0,0.0,4068.0,4761.0,0,0,Vinho
5,Anguilla,0.0,0.0,0.0,0.0,0.0,0.0,0.0,0.0,0.0,0.0,0.0,0.0,0.0,0.0,0.0,0.0,0.0,0.0,0.0,0.0,0.0,0.0,0.0,0.0,0.0,0.0,0.0,0.0,0,0,Vinho
6,Antígua e Barbuda,0.0,0.0,0.0,0.0,0.0,0.0,0.0,0.0,0.0,0.0,0.0,0.0,0.0,0.0,0.0,0.0,0.0,0.0,37.0,191.0,219.0,1549.0,624.0,1864.0,805.0,2268.0,419.0,1866.0,383,1848,Vinho
7,Antilhas Holandesas,8235.0,10651.0,9810.0,12808.0,7335.0,10188.0,9247.0,14081.0,11281.0,19565.0,4455.0,7169.0,6660.0,10545.0,16641.0,26450.0,5400.0,8550.0,0.0,0.0,0.0,0.0,0.0,0.0,0.0,0.0,0.0,0.0,0,0,Vinho
8,Arábia Saudita,0.0,0.0,0.0,0.0,0.0,0.0,0.0,0.0,0.0,0.0,0.0,0.0,0.0,0.0,0.0,0.0,0.0,0.0,0.0,0.0,0.0,0.0,0.0,0.0,0.0,0.0,0.0,0.0,124,142,Vinho
9,Argentina,162.0,4523.0,0.0,0.0,13253.0,55460.0,0.0,0.0,0.0,0.0,20385.0,95130.0,0.0,0.0,0.0,0.0,0.0,0.0,15711.0,59150.0,0.0,0.0,1015.0,4176.0,6.0,13.0,480.0,3232.0,4545,36133,Vinho
10,Aruba,0.0,0.0,0.0,0.0,900.0,1680.0,0.0,0.0,0.0,0.0,450.0,755.0,0.0,0.0,0.0,0.0,0.0,0.0,0.0,0.0,0.0,0.0,0.0,0.0,0.0,0.0,0.0,0.0,0,0,Vinho
11,Austrália,1014.0,9195.0,1823.0,17960.0,3632.0,40704.0,9345.0,56045.0,16707.0,101715.0,6308.0,43709.0,7437.0,48011.0,1954.0,13799.0,1350.0,7500.0,2055.0,6902.0,1161.0,4682.0,1013.0,3413.0,705.0,4034.0,1424.0,12299.0,2485,13565,Vinho
12,Áustria,0.0,0.0,0.0,0.0,0.0,0.0,0.0,0.0,0.0,0.0,0.0,0.0,0.0,0.0,675.0,5220.0,0.0,0.0,0.0,0.0,0.0,0.0,0.0,0.0,0.0,0.0,6.0,212.0,0,0,Vinho
13,Bahamas,0.0,0.0,3175.0,12759.0,4529.0,28810.0,1374.0,12087.0,581.0,5145.0,0.0,0.0,0.0,0.0,0.0,0.0,0.0,0.0,141.0,634.0,791.0,3124.0,1212.0,3703.0,1083.0,4567.0,1215.0,5799.0,1348,7402,Vinho
14,Bangladesh,0.0,0.0,0.0,0.0,0.0,0.0,0.0,0.0,0.0,0.0,0.0,0.0,0.0,0.0,0.0,0.0,0.0,0.0,0.0,0.0,0.0,0.0,3.0,29.0,2.0,20.0,7.0,84.0,0,0,Vinho
15,Barbados,0.0,0.0,0.0,0.0,0.0,0.0,0.0,0.0,0.0,0.0,0.0,0.0,0.0,0.0,0.0,0.0,0.0,0.0,0.0,0.0,36.0,394.0,143.0,169.0,216.0,844.0,220.0,1145.0,58,303,Vinho
16,Barein,0.0,0.0,0.0,0.0,0.0,0.0,0.0,0.0,0.0,0.0,0.0,0.0,0.0,0.0,0.0,0.0,0.0,0.0,0.0,0.0,482.0,2144.0,8.0,28.0,302.0,894.0,979.0,2789.0,283,1684,Vinho
17,Bélgica,125962.0,58764.0,42532.0,185411.0,11802.0,62339.0,16132.0,90718.0,22461.0,95893.0,151320.0,704093.0,4473.0,26399.0,7200.0,46534.0,2790.0,16405.0,7497.0,52799.0,2498.0,12548.0,3166.0,20460.0,483.0,3749.0,828.0,6145.0,95,683,Vinho
18,Belice,0.0,0.0,0.0,0.0,0.0,0.0,0.0,0.0,0.0,0.0,0.0,0.0,0.0,0.0,0.0,0.0,0.0,0.0,0.0,0.0,9.0,29.0,0.0,0.0,0.0,0.0,0.0,0.0,0,0,Vinho
19,Benin,0.0,0.0,0.0,0.0,0.0,0.0,0.0,0.0,0.0,0.0,0.0,0.0,0.0,0.0,5040.0,20333.0,0.0,0.0,0.0,0.0,9.0,9.0,0.0,0.0,0.0,0.0,0.0,0.0,0,0,Vinho
20,Bermudas,0.0,0.0,0.0,0.0,0.0,0.0,0.0,0.0,0.0,0.0,0.0,0.0,0.0,0.0,0.0,0.0,0.0,0.0,0.0,0.0,0.0,0.0,0.0,0.0,0.0,0.0,0.0,0.0,16,153,Vinho
21,Bolívia,40463.0,20729.0,54.0,282.0,12775.0,20215.0,11868.0,16804.0,19147.0,25998.0,12534.0,18303.0,10674.0,12990.0,13586.0,16902.0,9495.0,23085.0,21566.0,57424.0,0.0,0.0,9900.0,16025.0,5850.0,8360.0,32530.0,49011.0,21926,36950,Vinho
22,Bósnia-Herzegovina,0.0,0.0,0.0,0.0,0.0,0.0,0.0,0.0,0.0,0.0,0.0,0.0,0.0,0.0,0.0,0.0,0.0,0.0,0.0,0.0,0.0,0.0,45.0,52.0,0.0,0.0,0.0,0.0,0,0,Vinho
23,Brasil,0.0,0.0,0.0,0.0,0.0,0.0,0.0,0.0,0.0,0.0,0.0,0.0,0.0,0.0,0.0,0.0,0.0,0.0,0.0,0.0,0.0,0.0,0.0,0.0,31.0,46.0,2504.0,952.0,0,0,Vinho
24,Bulgária,0.0,0.0,0.0,0.0,0.0,0.0,0.0,0.0,0.0,0.0,0.0,0.0,0.0,0.0,0.0,0.0,117.0,1579.0,0.0,0.0,0.0,0.0,0.0,0.0,0.0,0.0,5.0,31.0,0,0,Vinho
25,Cabo Verde,0.0,0.0,11991.0,49366.0,600.0,825.0,0.0,0.0,0.0,0.0,0.0,0.0,0.0,0.0,0.0,0.0,0.0,0.0,18.0,48.0,0.0,0.0,0.0,0.0,16.0,124.0,0.0,0.0,0,0,Vinho
26,Camarões,0.0,0.0,0.0,0.0,0.0,0.0,0.0,0.0,0.0,0.0,0.0,0.0,0.0,0.0,0.0,0.0,1749.0,7476.0,0.0,0.0,0.0,0.0,0.0,178.0,0.0,0.0,0.0,0.0,0,0,Vinho
27,Canadá,15664.0,73445.0,0.0,0.0,28906.0,128076.0,14304.0,146035.0,25329.0,174643.0,35082.0,226875.0,24547.0,118394.0,13711.0,71096.0,6075.0,30658.0,5308.0,20414.0,1589.0,6933.0,1672.0,8431.0,1172.0,6157.0,1183.0,5784.0,11539,42179,Vinho
28,Catar,0.0,0.0,0.0,0.0,0.0,0.0,0.0,0.0,0.0,0.0,0.0,0.0,0.0,0.0,0.0,0.0,13338.0,81606.0,0.0,0.0,0.0,0.0,0.0,0.0,1.0,2.0,0.0,0.0,5,18,Vinho
29,"Cayman, Ilhas",0.0,0.0,0.0,0.0,0.0,0.0,0.0,0.0,0.0,0.0,0.0,0.0,0.0,0.0,0.0,0.0,0.0,0.0,19.0,203.0,19.0,106.0,123.0,339.0,104.0,356.0,160.0,958.0,438,2632,Vinho
30,Chile,1475.0,4297.0,0.0,0.0,0.0,0.0,8550.0,15438.0,0.0,0.0,0.0,0.0,0.0,0.0,0.0,0.0,0.0,0.0,11049.0,42832.0,0.0,0.0,11.0,13.0,26.0,6.0,2094.0,7986.0,9,63,Vinho
31,China,1553416.0,482400.0,795.0,2358.0,54156.0,334867.0,87905.0,642177.0,40929.0,279956.0,64040.0,455340.0,47609.0,222866.0,134106.0,499622.0,67594.0,266086.0,30835.0,126336.0,129852.0,376828.0,122253.0,363000.0,61884.0,264116.0,105395.0,404647.0,73917,183096,Vinho
32,Chipre,0.0,0.0,0.0,0.0,0.0,0.0,0.0,0.0,0.0,0.0,0.0,0.0,0.0,0.0,0.0,0.0,0.0,0.0,279.0,480.0,672.0,1843.0,2478.0,6785.0,1855.0,4530.0,1521.0,4458.0,524,2995,Vinho
33,Cingapura,2419.0,6110.0,1533.0,5504.0,911.0,3317.0,1212.0,5310.0,766.0,5779.0,541.0,3887.0,1116.0,2774.0,5445.0,13199.0,0.0,0.0,3298.0,11616.0,5044.0,19099.0,4049.0,9316.0,0.0,0.0,0.0,0.0,0,0,Vinho
34,"Cocos (Keeling), Ilhas",0.0,0.0,0.0,0.0,0.0,0.0,0.0,0.0,0.0,0.0,0.0,0.0,0.0,0.0,0.0,0.0,0.0,0.0,0.0,0.0,0.0,0.0,0.0,0.0,0.0,0.0,26.0,60.0,0,0,Vinho
35,Colômbia,0.0,0.0,0.0,0.0,0.0,0.0,0.0,0.0,8.0,30.0,0.0,0.0,0.0,0.0,0.0,0.0,0.0,0.0,6944.0,26273.0,897.0,1999.0,15660.0,23780.0,12160.0,21867.0,8217.0,14068.0,450,1259,Vinho
36,Comores,0.0,0.0,0.0,0.0,0.0,0.0,0.0,0.0,0.0,0.0,0.0,0.0,0.0,0.0,0.0,0.0,0.0,0.0,0.0,0.0,0.0,0.0,9.0,25.0,0.0,0.0,0.0,0.0,0,0,Vinho
37,Congo,0.0,0.0,0.0,0.0,360.0,570.0,0.0,0.0,0.0,0.0,0.0,0.0,0.0,0.0,0.0,0.0,0.0,0.0,0.0,0.0,0.0,0.0,0.0,0.0,0.0,0.0,0.0,0.0,17100,26600,Vinho
38,"Coreia, Republica Sul",0.0,0.0,0.0,0.0,0.0,0.0,0.0,0.0,0.0,0.0,0.0,0.0,0.0,0.0,8.0,20.0,0.0,0.0,120.0,109.0,70.0,194.0,103.0,433.0,67.0,100.0,77.0,257.0,25,171,Vinho
39,Costa do Marfim,0.0,0.0,0.0,0.0,0.0,0.0,0.0,0.0,0.0,0.0,0.0,0.0,0.0,0.0,0.0,0.0,0.0,0.0,0.0,0.0,0.0,0.0,0.0,0.0,0.0,0.0,0.0,0.0,0,0,Vinho
40,Costa Rica,0.0,0.0,0.0,0.0,0.0,0.0,0.0,0.0,0.0,0.0,0.0,0.0,0.0,0.0,0.0,0.0,0.0,0.0,0.0,0.0,0.0,0.0,0.0,0.0,0.0,0.0,0.0,0.0,0,0,Vinho
41,Croácia,0.0,0.0,0.0,0.0,0.0,0.0,0.0,0.0,0.0,0.0,0.0,0.0,0.0,0.0,0.0,0.0,0.0,0.0,0.0,0.0,0.0,0.0,21.0,123.0,0.0,0.0,34.0,484.0,0,0,Vinho
42,Cuba,0.0,0.0,0.0,0.0,2880.0,4899.0,0.0,0.0,0.0,0.0,38875.0,43200.0,97965.0,108864.0,63741.0,69830.0,62791.0,72229.0,4776.0,5584.0,0.0,0.0,0.0,0.0,0.0,0.0,16.0,6.0,0,0,Vinho
43,Curaçao,0.0,0.0,0.0,0.0,0.0,0.0,0.0,0.0,0.0,0.0,0.0,0.0,0.0,0.0,0.0,0.0,12340.0,23011.0,23930.0,43676.0,33951.0,62067.0,47962.0,65986.0,32263.0,58993.0,40673.0,66950.0,25135,40807,Vinho
44,Dinamarca,1980.0,21780.0,7034.0,69161.0,32797.0,83057.0,4716.0,23802.0,17892.0,101915.0,3240.0,16871.0,7080.0,29306.0,1278.0,8171.0,581.0,2829.0,0.0,0.0,240.0,306.0,659.0,1962.0,87.0,504.0,2.0,6.0,1734,15261,Vinho
45,Dominica,0.0,0.0,0.0,0.0,0.0,0.0,0.0,0.0,0.0,0.0,0.0,0.0,0.0,0.0,0.0,0.0,0.0,0.0,0.0,0.0,0.0,0.0,0.0,0.0,460.0,634.0,1485.0,2223.0,0,0,Vinho
46,El Salvador,55.0,100.0,0.0,0.0,0.0,0.0,0.0,0.0,0.0,0.0,0.0,0.0,0.0,0.0,0.0,0.0,0.0,0.0,0.0,0.0,0.0,0.0,0.0,0.0,0.0,0.0,0.0,0.0,0,0,Vinho
47,Emirados Arabes Unidos,1398.0,4032.0,1035.0,3206.0,2120.0,6594.0,675.0,3300.0,0.0,0.0,640.0,3381.0,765.0,3740.0,585.0,2760.0,675.0,3302.0,360.0,1762.0,450.0,2202.0,581.0,2279.0,810.0,10522.0,4781.0,85465.0,1417,6762,Vinho
48,Equador,0.0,0.0,0.0,0.0,0.0,0.0,0.0,0.0,0.0,0.0,0.0,0.0,0.0,0.0,0.0,0.0,0.0,0.0,0.0,0.0,2.0,3.0,3780.0,3824.0,0.0,0.0,135.0,210.0,2790,4392,Vinho
49,"Eslovaca, Republica",0.0,0.0,0.0,0.0,0.0,0.0,0.0,0.0,0.0,0.0,0.0,0.0,0.0,0.0,0.0,0.0,0.0,0.0,0.0,0.0,0.0,0.0,0.0,0.0,0.0,0.0,0.0,0.0,0,0,Vinho
50,Espanha,2181.0,4050.0,0.0,0.0,5206.0,24618.0,0.0,0.0,1972980.0,3748940.0,0.0,0.0,0.0,0.0,0.0,0.0,0.0,0.0,6123.0,22631.0,3540.0,1353.0,28.0,126.0,0.0,0.0,0.0,0.0,180,4171,Vinho
51,Estados Unidos,372319.0,660066.0,228968.0,478630.0,306787.0,1030254.0,146585.0,303986.0,245368.0,786556.0,222267.0,494216.0,195896.0,524109.0,258072.0,687411.0,132688.0,1523699.0,169109.0,512519.0,209765.0,616274.0,300178.0,610793.0,111085.0,203554.0,220373.0,447893.0,229839,429091,Vinho
52,Estônia,5438.0,10802.0,15848.0,40778.0,450.0,5336.0,3321.0,19384.0,0.0,0.0,0.0,0.0,0.0,0.0,900.0,4800.0,0.0,0.0,0.0,0.0,0.0,0.0,0.0,0.0,0.0,0.0,0.0,0.0,0,0,Vinho
53,Filipinas,0.0,0.0,0.0,0.0,0.0,0.0,0.0,0.0,0.0,0.0,0.0,0.0,0.0,0.0,0.0,0.0,0.0,0.0,9608.0,16205.0,736.0,2486.0,719.0,1548.0,2784.0,10368.0,375.0,790.0,94,334,Vinho
54,Finlândia,0.0,0.0,0.0,0.0,12404.0,50394.0,17100.0,67959.0,36682.0,283114.0,12960.0,94962.0,0.0,0.0,7617.0,41003.0,0.0,0.0,0.0,0.0,0.0,0.0,0.0,0.0,0.0,0.0,0.0,0.0,5,11,Vinho
55,França,0.0,0.0,3614.0,18904.0,0.0,0.0,195604.0,185791.0,6885.0,42256.0,33755.0,167807.0,1596.0,4749.0,6037.0,30055.0,4253.0,21654.0,11077.0,48677.0,18286.0,67072.0,12622.0,57144.0,7052.0,23742.0,5694.0,25008.0,2265,14722,Vinho
56,Gana,0.0,0.0,0.0,0.0,0.0,0.0,0.0,0.0,0.0,0.0,0.0,0.0,0.0,0.0,0.0,0.0,0.0,0.0,9000.0,13502.0,7673.0,10010.0,18810.0,22027.0,12578.0,19196.0,35949.0,49304.0,7237,29473,Vinho
57,Gibraltar,0.0,0.0,0.0,0.0,0.0,0.0,0.0,0.0,0.0,0.0,0.0,0.0,0.0,0.0,0.0,0.0,0.0,0.0,0.0,0.0,23.0,93.0,769.0,2860.0,0.0,0.0,0.0,0.0,0,0,Vinho
58,Granada,0.0,0.0,0.0,0.0,0.0,0.0,0.0,0.0,0.0,0.0,0.0,0.0,0.0,0.0,0.0,0.0,0.0,0.0,0.0,0.0,0.0,0.0,0.0,0.0,0.0,0.0,5610.0,7914.0,0,0,Vinho
59,Grécia,0.0,0.0,0.0,0.0,0.0,0.0,0.0,0.0,0.0,0.0,0.0,0.0,0.0,0.0,0.0,0.0,0.0,0.0,232.0,730.0,561.0,1994.0,6859.0,18092.0,908.0,3014.0,920.0,2426.0,1294,3214,Vinho
60,Guatemala,20.0,20.0,0.0,0.0,0.0,0.0,0.0,0.0,0.0,0.0,0.0,0.0,0.0,0.0,0.0,0.0,0.0,0.0,0.0,0.0,1597.0,8719.0,0.0,0.0,17347.0,29100.0,1283.0,5350.0,2053,3758,Vinho
61,Guiana,0.0,0.0,783.0,3654.0,0.0,0.0,0.0,0.0,0.0,0.0,0.0,0.0,0.0,0.0,0.0,0.0,0.0,0.0,0.0,0.0,424.0,1311.0,990.0,2577.0,2372.0,6525.0,2064.0,5823.0,33651,88715,Vinho
62,Guiana Francesa,0.0,0.0,0.0,0.0,0.0,0.0,0.0,0.0,0.0,0.0,0.0,0.0,0.0,0.0,0.0,0.0,0.0,0.0,0.0,0.0,0.0,0.0,0.0,0.0,90.0,32.0,22.0,18.0,0,0,Vinho
63,Guine Bissau,0.0,0.0,0.0,0.0,0.0,0.0,0.0,0.0,0.0,0.0,0.0,0.0,0.0,0.0,0.0,0.0,48.0,90.0,0.0,0.0,0.0,0.0,0.0,0.0,0.0,0.0,0.0,0.0,0,0,Vinho
64,Guine Equatorial,169.0,272.0,410.0,1015.0,956.0,1979.0,819.0,2530.0,1108.0,5336.0,5646.0,11983.0,0.0,0.0,0.0,0.0,2639.0,30563.0,8389.0,26808.0,0.0,0.0,0.0,0.0,0.0,0.0,0.0,0.0,0,0,Vinho
65,Haiti,4500.0,5863.0,2700.0,3750.0,0.0,0.0,0.0,0.0,0.0,0.0,0.0,0.0,0.0,0.0,0.0,0.0,0.0,0.0,79500.0,144425.0,81873.0,129803.0,399128.0,471152.0,670379.0,831181.0,553503.0,741014.0,559645,871661,Vinho
66,Honduras,14.0,30.0,0.0,0.0,0.0,0.0,0.0,0.0,0.0,0.0,0.0,0.0,0.0,0.0,0.0,0.0,0.0,0.0,0.0,0.0,0.0,0.0,0.0,0.0,0.0,0.0,0.0,0.0,0,0,Vinho
67,Hong Kong,50319.0,27188.0,0.0,0.0,2063.0,7975.0,1609.0,7653.0,16013.0,61224.0,18130.0,63534.0,1229.0,7837.0,6975.0,86199.0,1934.0,8180.0,1742.0,9029.0,9651.0,42020.0,15159.0,41987.0,12507.0,39390.0,9371.0,38218.0,16255,71025,Vinho
68,Hungria,0.0,0.0,540.0,4103.0,0.0,0.0,0.0,0.0,0.0,0.0,0.0,0.0,0.0,0.0,0.0,0.0,0.0,0.0,0.0,0.0,0.0,0.0,0.0,0.0,87.0,583.0,0.0,0.0,0,0,Vinho
69,Ilha de Man,0.0,0.0,0.0,0.0,0.0,0.0,0.0,0.0,0.0,0.0,0.0,0.0,0.0,0.0,0.0,0.0,0.0,0.0,0.0,0.0,28.0,175.0,11.0,121.0,97.0,445.0,165.0,641.0,1428,4533,Vinho
70,Ilhas Virgens,0.0,0.0,0.0,0.0,0.0,0.0,0.0,0.0,0.0,0.0,0.0,0.0,0.0,0.0,0.0,0.0,0.0,0.0,0.0,0.0,0.0,0.0,0.0,0.0,0.0,0.0,0.0,0.0,0,0,Vinho
71,India,0.0,0.0,0.0,0.0,0.0,0.0,0.0,0.0,0.0,0.0,0.0,0.0,0.0,0.0,0.0,0.0,0.0,0.0,0.0,0.0,51.0,273.0,7.0,10.0,13.0,86.0,247.0,1021.0,60,170,Vinho
72,Indonésia,0.0,0.0,0.0,0.0,0.0,0.0,0.0,0.0,0.0,0.0,0.0,0.0,0.0,0.0,0.0,0.0,0.0,0.0,0.0,0.0,0.0,0.0,5.0,6.0,0.0,0.0,0.0,0.0,9,30,Vinho
73,Irã,0.0,0.0,0.0,0.0,0.0,0.0,0.0,0.0,0.0,0.0,0.0,0.0,0.0,0.0,0.0,0.0,0.0,0.0,0.0,0.0,0.0,0.0,21.0,35.0,116.0,287.0,47.0,90.0,0,0,Vinho
74,Iraque,0.0,0.0,0.0,0.0,0.0,0.0,0.0,0.0,0.0,0.0,0.0,0.0,0.0,0.0,0.0,0.0,0.0,0.0,0.0,0.0,0.0,0.0,0.0,0.0,0.0,0.0,0.0,0.0,0,0,Vinho
75,Irlanda,0.0,0.0,3969.0,42795.0,5376.0,35690.0,0.0,0.0,0.0,0.0,0.0,0.0,0.0,0.0,0.0,0.0,0.0,0.0,7560.0,25767.0,0.0,0.0,29.0,257.0,36.0,208.0,0.0,0.0,150,377,Vinho
76,Itália,1817.0,5251.0,1458.0,4828.0,11999.0,80298.0,792.0,5622.0,1710.0,11967.0,604.0,2492.0,0.0,0.0,585.0,3465.0,468.0,2248.0,3661.0,13260.0,587.0,1625.0,91.0,376.0,696.0,3715.0,1129.0,6151.0,2922,27665,Vinho
77,Jamaica,0.0,0.0,0.0,0.0,0.0,0.0,0.0,0.0,0.0,0.0,0.0,0.0,0.0,0.0,0.0,0.0,0.0,0.0,0.0,0.0,0.0,0.0,0.0,0.0,0.0,0.0,0.0,0.0,0,0,Vinho
78,Japão,217974.0,283436.0,112178.0,74628.0,100835.0,144662.0,29281.0,116961.0,91988.0,429088.0,106426.0,401774.0,31597.0,87853.0,34341.0,90954.0,33909.0,92886.0,36992.0,112342.0,40621.0,99642.0,36442.0,92674.0,39491.0,90275.0,37324.0,82208.0,22942,57780,Vinho
79,Jordânia,0.0,0.0,0.0,0.0,0.0,0.0,0.0,0.0,0.0,0.0,0.0,0.0,0.0,0.0,0.0,0.0,0.0,0.0,0.0,0.0,0.0,0.0,12.0,52.0,0.0,0.0,0.0,0.0,0,0,Vinho
80,Letônia,0.0,0.0,0.0,0.0,0.0,0.0,0.0,0.0,0.0,0.0,0.0,0.0,0.0,0.0,0.0,0.0,387.0,3723.0,0.0,0.0,0.0,0.0,0.0,0.0,0.0,0.0,0.0,0.0,8,8,Vinho
81,Líbano,0.0,0.0,0.0,0.0,0.0,0.0,0.0,0.0,0.0,0.0,0.0,0.0,0.0,0.0,0.0,0.0,0.0,0.0,0.0,0.0,0.0,0.0,0.0,0.0,0.0,0.0,0.0,0.0,0,0,Vinho
82,Libéria,0.0,0.0,0.0,0.0,0.0,0.0,0.0,0.0,0.0,0.0,0.0,0.0,0.0,0.0,0.0,0.0,0.0,0.0,658.0,3100.0,4441.0,20068.0,5155.0,17624.0,7554.0,23060.0,9145.0,34815.0,39784,42463,Vinho
83,Luxemburgo,7845.0,42124.0,7344.0,32549.0,9547.0,65592.0,2444.0,16547.0,5135.0,29474.0,8281.0,52400.0,2295.0,17358.0,2759.0,21426.0,2719.0,21947.0,1778.0,11053.0,1666.0,11211.0,1086.0,5110.0,0.0,0.0,36.0,802.0,581,7048,Vinho
84,Macau,0.0,0.0,0.0,0.0,0.0,0.0,0.0,0.0,0.0,0.0,0.0,0.0,0.0,0.0,0.0,0.0,0.0,0.0,0.0,0.0,0.0,0.0,0.0,0.0,0.0,0.0,0.0,0.0,7,6,Vinho
85,Malásia,0.0,0.0,0.0,0.0,0.0,0.0,0.0,0.0,0.0,0.0,0.0,0.0,0.0,0.0,0.0,0.0,0.0,0.0,15.0,33.0,48.0,110.0,0.0,0.0,0.0,0.0,0.0,0.0,0,0,Vinho
86,Malavi,0.0,0.0,0.0,0.0,0.0,0.0,0.0,0.0,0.0,0.0,0.0,0.0,0.0,0.0,0.0,0.0,0.0,0.0,0.0,0.0,0.0,0.0,0.0,0.0,0.0,0.0,0.0,0.0,3660,6252,Vinho
87,Malta,0.0,0.0,0.0,0.0,0.0,0.0,0.0,0.0,0.0,0.0,0.0,0.0,0.0,0.0,0.0,0.0,0.0,0.0,503.0,1192.0,3661.0,8828.0,3490.0,9688.0,3441.0,15454.0,3127.0,15587.0,6561,24199,Vinho
88,"Marshall, Ilhas",0.0,0.0,0.0,0.0,0.0,0.0,0.0,0.0,0.0,0.0,0.0,0.0,0.0,0.0,0.0,0.0,0.0,0.0,923.0,2436.0,7276.0,15786.0,6270.0,19639.0,8644.0,22561.0,7240.0,27178.0,7417,31691,Vinho
89,Martinica,0.0,0.0,0.0,0.0,0.0,0.0,0.0,0.0,0.0,0.0,0.0,0.0,0.0,0.0,0.0,0.0,0.0,0.0,0.0,0.0,0.0,0.0,0.0,0.0,0.0,0.0,0.0,0.0,9,31,Vinho
90,Mauritânia,0.0,0.0,0.0,0.0,0.0,0.0,0.0,0.0,0.0,0.0,0.0,0.0,0.0,0.0,0.0,0.0,0.0,0.0,0.0,0.0,0.0,0.0,0.0,0.0,9.0,85.0,0.0,0.0,0,0,Vinho
91,México,0.0,0.0,0.0,0.0,1350.0,7200.0,0.0,0.0,0.0,0.0,1521.0,24336.0,0.0,0.0,0.0,0.0,664.0,2292.0,2748.0,9744.0,4.0,4.0,24.0,226.0,9.0,2.0,6.0,33.0,3,19,Vinho
92,Moçambique,0.0,0.0,0.0,0.0,0.0,0.0,0.0,0.0,0.0,0.0,0.0,0.0,0.0,0.0,0.0,0.0,0.0,0.0,0.0,0.0,0.0,0.0,0.0,0.0,0.0,0.0,383.0,1927.0,0,0,Vinho
93,Montenegro,0.0,0.0,0.0,0.0,0.0,0.0,0.0,0.0,0.0,0.0,0.0,0.0,0.0,0.0,0.0,0.0,0.0,0.0,0.0,0.0,9.0,46.0,9.0,20.0,14.0,65.0,0.0,0.0,0,0,Vinho
94,Namíbia,0.0,0.0,0.0,0.0,0.0,0.0,0.0,0.0,0.0,0.0,0.0,0.0,0.0,0.0,0.0,0.0,0.0,0.0,0.0,0.0,0.0,0.0,0.0,0.0,0.0,0.0,0.0,0.0,0,0,Vinho
95,Nicarágua,24.0,24.0,0.0,0.0,0.0,0.0,0.0,0.0,0.0,0.0,0.0,0.0,0.0,0.0,0.0,0.0,0.0,0.0,0.0,0.0,0.0,0.0,0.0,0.0,0.0,0.0,0.0,0.0,0,0,Vinho
96,Nigéria,41.0,115.0,0.0,0.0,54.0,210.0,6449.0,10196.0,1350.0,2245.0,0.0,0.0,0.0,0.0,0.0,0.0,0.0,0.0,5175.0,6250.0,28437.0,38555.0,12094.0,26514.0,68247.0,113172.0,32234.0,50283.0,10800,16464,Vinho
97,Noruega,0.0,0.0,0.0,0.0,10268.0,78688.0,5104.0,31515.0,2375.0,19008.0,7179.0,50464.0,1058.0,6021.0,0.0,0.0,0.0,0.0,1295.0,9847.0,628.0,3139.0,1859.0,15134.0,1878.0,8320.0,2711.0,40316.0,861,4243,Vinho
98,Nova Caledônia,0.0,0.0,0.0,0.0,0.0,0.0,0.0,0.0,0.0,0.0,0.0,0.0,0.0,0.0,0.0,0.0,0.0,0.0,0.0,0.0,0.0,0.0,0.0,0.0,7227.0,11924.0,0.0,0.0,0,0,Vinho
99,Nova Zelândia,0.0,0.0,0.0,0.0,2587.0,7992.0,2364.0,8817.0,1004.0,4092.0,2800.0,13675.0,809.0,3476.0,504.0,9472.0,1678.0,8140.0,969.0,5565.0,500.0,2832.0,95.0,515.0,657.0,10477.0,63.0,156.0,338,7177,Vinho
100,Omã,0.0,0.0,0.0,0.0,0.0,0.0,0.0,0.0,0.0,0.0,0.0,0.0,0.0,0.0,0.0,0.0,0.0,0.0,0.0,0.0,0.0,0.0,0.0,0.0,0.0,0.0,194.0,670.0,0,0,Vinho
101,Países Baixos,171654.0,136991.0,87368.0,302182.0,125414.0,395356.0,134879.0,539641.0,57792.0,255690.0,165289.0,773767.0,44987.0,186464.0,42953.0,190203.0,0.0,0.0,9451.0,32395.0,44882.0,148031.0,248.0,1532.0,3791.0,8484.0,7034.0,37240.0,2244,4958,Vinho
102,Palau,0.0,0.0,0.0,0.0,0.0,0.0,0.0,0.0,0.0,0.0,0.0,0.0,0.0,0.0,0.0,0.0,0.0,0.0,0.0,0.0,0.0,0.0,0.0,0.0,0.0,0.0,0.0,0.0,45,143,Vinho
103,Panamá,24.0,30.0,0.0,0.0,0.0,0.0,39.0,2262.0,0.0,0.0,0.0,0.0,0.0,0.0,0.0,0.0,0.0,0.0,1183.0,3117.0,7918.0,29017.0,10821.0,28372.0,29520.0,48444.0,11490.0,49392.0,14785,68173,Vinho
104,Paraguai,486927.0,392087.0,510989.0,449197.0,240168.0,276281.0,354824.0,428279.0,481564.0,680828.0,521847.0,908028.0,495428.0,741370.0,985739.0,1655417.0,2393468.0,4274650.0,3234168.0,5494321.0,2419537.0,3826587.0,3299013.0,3869243.0,6522527.0,7192362.0,5076670.0,7156293.0,3780378,5517263,Vinho
105,Peru,0.0,0.0,0.0,0.0,0.0,0.0,0.0,0.0,0.0,0.0,0.0,0.0,0.0,0.0,0.0,0.0,0.0,0.0,5193.0,19372.0,9755.0,17310.0,0.0,0.0,9720.0,17107.0,0.0,0.0,47277,84282,Vinho
106,Pitcairn,0.0,0.0,0.0,0.0,0.0,0.0,0.0,0.0,0.0,0.0,0.0,0.0,0.0,0.0,0.0,0.0,0.0,0.0,0.0,0.0,0.0,0.0,0.0,0.0,0.0,0.0,0.0,0.0,11,22,Vinho
107,Polônia,6982.0,35797.0,20464.0,95198.0,11732.0,50684.0,21663.0,89158.0,19249.0,90960.0,30181.0,107957.0,11654.0,42781.0,11457.0,35402.0,0.0,0.0,720.0,4679.0,5.0,11.0,74.0,86.0,4.0,14.0,0.0,0.0,298,590,Vinho
108,Porto Rico,0.0,0.0,0.0,0.0,0.0,0.0,0.0,0.0,0.0,0.0,0.0,0.0,0.0,0.0,0.0,0.0,0.0,0.0,0.0,0.0,0.0,0.0,0.0,0.0,0.0,0.0,0.0,0.0,0,0,Vinho
109,Portugal,141000.0,168923.0,4577.0,18970.0,95.0,1031.0,47172.0,47022.0,23810.0,17627.0,71544.0,79141.0,47736.0,42586.0,0.0,0.0,0.0,0.0,0.0,0.0,18328.0,72413.0,7958.0,34518.0,6358.0,42633.0,1918.0,7613.0,13742,46311,Vinho
110,Quênia,0.0,0.0,0.0,0.0,0.0,0.0,94.0,458.0,6.0,4.0,0.0,0.0,0.0,0.0,0.0,0.0,0.0,0.0,6771.0,31225.0,0.0,0.0,0.0,0.0,0.0,0.0,1440.0,2080.0,0,0,Vinho
111,Reino Unido,30092.0,68788.0,123624.0,295690.0,122629.0,285642.0,82937.0,334856.0,59161.0,305005.0,305807.0,1373747.0,68382.0,308407.0,117044.0,536681.0,60711.0,242883.0,67708.0,296827.0,34295.0,164592.0,22913.0,82722.0,25316.0,122394.0,18835.0,138154.0,11326,84547,Vinho
112,República Dominicana,0.0,0.0,0.0,0.0,0.0,0.0,0.0,0.0,0.0,0.0,0.0,0.0,0.0,0.0,0.0,0.0,0.0,0.0,0.0,0.0,0.0,0.0,0.0,0.0,0.0,0.0,0.0,0.0,0,0,Vinho
113,Rússia,21912914.0,5732280.0,0.0,0.0,0.0,0.0,4528176.0,2103968.0,5893291.0,14795694.0,190656.0,61440.0,47664.0,18240.0,0.0,0.0,0.0,0.0,0.0,0.0,0.0,0.0,1463.0,8550.0,181931.0,312926.0,66046.0,118618.0,0,0,Vinho
114,São Cristóvão e Névis,0.0,0.0,0.0,0.0,0.0,0.0,0.0,0.0,0.0,0.0,0.0,0.0,0.0,0.0,0.0,0.0,0.0,0.0,0.0,0.0,0.0,0.0,0.0,0.0,0.0,0.0,0.0,0.0,16,31,Vinho
115,São Tomé e Príncipe,0.0,0.0,0.0,0.0,0.0,0.0,0.0,0.0,0.0,0.0,0.0,0.0,0.0,0.0,0.0,0.0,0.0,0.0,2184.0,2357.0,0.0,0.0,0.0,0.0,0.0,0.0,0.0,0.0,0,0,Vinho
116,São Vicente e Granadinas,0.0,0.0,0.0,0.0,0.0,0.0,0.0,0.0,0.0,0.0,0.0,0.0,0.0,0.0,0.0,0.0,0.0,0.0,0.0,0.0,0.0,0.0,0.0,0.0,8.0,48.0,20.0,51.0,39,139,Vinho
117,Senegal,0.0,0.0,0.0,0.0,0.0,0.0,0.0,0.0,0.0,0.0,0.0,0.0,0.0,0.0,0.0,0.0,0.0,0.0,0.0,0.0,0.0,0.0,0.0,0.0,0.0,0.0,0.0,0.0,0,0,Vinho
118,Serra Leoa,0.0,0.0,0.0,0.0,0.0,0.0,0.0,0.0,0.0,0.0,0.0,0.0,0.0,0.0,0.0,0.0,0.0,0.0,0.0,0.0,18.0,717.0,9240.0,13050.0,6525.0,12955.0,8101.0,15182.0,23200,38548,Vinho
119,Singapura,0.0,0.0,0.0,0.0,0.0,0.0,0.0,0.0,0.0,0.0,0.0,0.0,0.0,0.0,0.0,0.0,0.0,0.0,0.0,0.0,0.0,0.0,0.0,0.0,4504.0,14346.0,4322.0,15434.0,3941,19781,Vinho
120,Suazilândia,0.0,0.0,0.0,0.0,0.0,0.0,0.0,0.0,0.0,0.0,0.0,0.0,0.0,0.0,0.0,0.0,0.0,0.0,0.0,0.0,0.0,0.0,0.0,0.0,10.0,24.0,0.0,0.0,0,0,Vinho
121,Suécia,28334.0,52826.0,0.0,0.0,1641.0,14476.0,2705.0,17280.0,3195.0,20183.0,10404.0,51057.0,1412.0,6404.0,291.0,1214.0,15445.0,64953.0,8062.0,34563.0,28.0,761.0,6.0,24.0,23.0,74.0,5.0,18.0,0,0,Vinho
122,Suíça,27653.0,81319.0,2025.0,21600.0,0.0,0.0,4014.0,47240.0,2997.0,29785.0,27933.0,231762.0,15872.0,85790.0,4230.0,33340.0,6525.0,74816.0,0.0,0.0,2223.0,28503.0,2827.0,27930.0,627.0,6999.0,1584.0,20863.0,2500,28763,Vinho
123,Suriname,3830.0,12918.0,1836.0,1269.0,3774.0,3735.0,396.0,1288.0,1800.0,2960.0,6.0,19.0,453.0,713.0,900.0,1375.0,3690.0,5638.0,0.0,0.0,3206.0,4741.0,4185.0,5277.0,900.0,1472.0,1225.0,3360.0,3105,5235,Vinho
124,Tailândia,0.0,0.0,0.0,0.0,0.0,0.0,0.0,0.0,0.0,0.0,0.0,0.0,0.0,0.0,0.0,0.0,0.0,0.0,8.0,45.0,128.0,832.0,534.0,1753.0,1334.0,2529.0,432.0,1713.0,189,1387,Vinho
125,Taiwan (Formosa),0.0,0.0,0.0,0.0,4500.0,10600.0,0.0,0.0,0.0,0.0,12519.0,67907.0,7200.0,23940.0,16967.0,80379.0,14988.0,43954.0,7589.0,18421.0,12.0,67.0,963.0,4673.0,1313.0,8153.0,25.0,277.0,4208,19998,Vinho
126,Tanzânia,0.0,0.0,0.0,0.0,0.0,0.0,0.0,0.0,0.0,0.0,0.0,0.0,0.0,0.0,0.0,0.0,0.0,0.0,0.0,0.0,0.0,0.0,0.0,0.0,0.0,0.0,0.0,0.0,0,0,Vinho
127,"Tcheca, República",9269.0,43902.0,1091.0,5285.0,6846.0,37271.0,7960.0,27789.0,3697.0,23549.0,4500.0,35005.0,2297.0,15304.0,3837.0,28473.0,2746.0,16947.0,2712.0,20980.0,2115.0,16391.0,563.0,4805.0,456.0,5988.0,1305.0,9997.0,405,3348,Vinho
128,Togo,0.0,0.0,0.0,0.0,0.0,0.0,0.0,0.0,0.0,0.0,0.0,0.0,0.0,0.0,0.0,0.0,0.0,0.0,0.0,0.0,0.0,0.0,0.0,0.0,1890.0,2012.0,17317.0,25608.0,14550,25235,Vinho
129,Toquelau,0.0,0.0,0.0,0.0,0.0,0.0,0.0,0.0,0.0,0.0,0.0,0.0,0.0,0.0,0.0,0.0,0.0,0.0,0.0,0.0,0.0,0.0,0.0,0.0,0.0,0.0,0.0,0.0,3,10,Vinho
130,Trinidade Tobago,0.0,0.0,0.0,0.0,0.0,0.0,531.0,2720.0,0.0,0.0,360.0,1600.0,0.0,0.0,0.0,0.0,0.0,0.0,0.0,0.0,0.0,0.0,0.0,0.0,0.0,0.0,0.0,0.0,0,0,Vinho
131,Tunísia,0.0,0.0,0.0,0.0,0.0,0.0,0.0,0.0,0.0,0.0,0.0,0.0,0.0,0.0,0.0,0.0,0.0,0.0,0.0,0.0,0.0,0.0,0.0,0.0,0.0,0.0,0.0,0.0,0,0,Vinho
132,Turquia,0.0,0.0,0.0,0.0,0.0,0.0,0.0,0.0,0.0,0.0,0.0,0.0,0.0,0.0,0.0,0.0,0.0,0.0,360.0,150.0,115.0,209.0,0.0,0.0,343.0,878.0,418.0,503.0,28104,95421,Vinho
133,Tuvalu,0.0,0.0,0.0,0.0,0.0,0.0,0.0,0.0,0.0,0.0,0.0,0.0,0.0,0.0,0.0,0.0,0.0,0.0,0.0,0.0,0.0,0.0,2.0,4.0,0.0,0.0,0.0,0.0,0,0,Vinho
134,Uruguai,0.0,0.0,914.0,2929.0,1238.0,4404.0,1135.0,3879.0,1526.0,13343.0,0.0,0.0,0.0,0.0,0.0,0.0,0.0,0.0,7711.0,29617.0,6180.0,18497.0,0.0,0.0,136774.0,149842.0,637117.0,997367.0,326093,454271,Vinho
135,Vanuatu,0.0,0.0,0.0,0.0,0.0,0.0,0.0,0.0,0.0,0.0,0.0,0.0,0.0,0.0,0.0,0.0,0.0,0.0,0.0,0.0,0.0,0.0,18.0,31.0,0.0,0.0,0.0,0.0,0,0,Vinho
136,Venezuela,0.0,0.0,0.0,0.0,0.0,0.0,1029.0,7492.0,0.0,0.0,14.0,232.0,0.0,0.0,0.0,0.0,680.0,2646.0,71.0,355.0,0.0,0.0,4086.0,9808.0,26415.0,35944.0,23220.0,32351.0,141030,220512,Vinho
137,Vietnã,743.0,2143.0,8820.0,9977.0,0.0,0.0,0.0,0.0,0.0,0.0,0.0,0.0,0.0,0.0,0.0,0.0,0.0,0.0,0.0,0.0,20.0,32.0,86.0,584.0,0.0,0.0,130.0,277.0,72,128,Vinho
